epoch,layer_index,layer_name,phase,bin_edges,counts,total_population
1,1,"LeakyReLULayer( 0.050000 )",pre_activation,"-10;-9.6875;-9.375;-9.0625;-8.75;-8.4375;-8.125;-7.8125;-7.5;-7.1875;-6.875;-6.5625;-6.25;-5.9375;-5.625;-5.3125;-5;-4.6875;-4.375;-4.0625;-3.75;-3.4375;-3.125;-2.8125;-2.5;-2.1875;-1.875;-1.5625;-1.25;-0.9375;-0.625;-0.3125;0;0.3125;0.625;0.9375;1.25;1.5625;1.875;2.1875;2.5;2.8125;3.125;3.4375;3.75;4.0625;4.375;4.6875;5;5.3125;5.625;5.9375;6.25;6.5625;6.875;7.1875;7.5;7.8125;8.125;8.4375;8.75;9.0625;9.375;9.6875;10","0;0;0;0;0;0;0;0;0;0;0;0;0;0;0;0;0;0;0;0;6;3989;13882;38830;61733;71748;76856;87439;124895;260978;1081265;3701941;3793416;1074057;292182;90670;76301;69127;59067;46124;30085;18630;10975;7385;4874;2977;1666;849;352;93;8;0;0;0;0;0;0;0;0;0;0;0;0;0",11102400
1,1,"LeakyReLULayer( 0.050000 )",post_activation,"-10;-9.6875;-9.375;-9.0625;-8.75;-8.4375;-8.125;-7.8125;-7.5;-7.1875;-6.875;-6.5625;-6.25;-5.9375;-5.625;-5.3125;-5;-4.6875;-4.375;-4.0625;-3.75;-3.4375;-3.125;-2.8125;-2.5;-2.1875;-1.875;-1.5625;-1.25;-0.9375;-0.625;-0.3125;0;0.3125;0.625;0.9375;1.25;1.5625;1.875;2.1875;2.5;2.8125;3.125;3.4375;3.75;4.0625;4.375;4.6875;5;5.3125;5.625;5.9375;6.25;6.5625;6.875;7.1875;7.5;7.8125;8.125;8.4375;8.75;9.0625;9.375;9.6875;10","0;0;0;0;0;0;0;0;0;0;0;0;0;0;0;0;0;0;0;0;0;0;0;0;0;0;0;0;0;0;0;5523562;3793416;1074057;292182;90670;76301;69127;59067;46124;30085;18630;10975;7385;4874;2977;1666;849;352;93;8;0;0;0;0;0;0;0;0;0;0;0;0;0",11102400
1,5,"LeakyReLULayer( 0.050000 )",pre_activation,"-10;-9.6875;-9.375;-9.0625;-8.75;-8.4375;-8.125;-7.8125;-7.5;-7.1875;-6.875;-6.5625;-6.25;-5.9375;-5.625;-5.3125;-5;-4.6875;-4.375;-4.0625;-3.75;-3.4375;-3.125;-2.8125;-2.5;-2.1875;-1.875;-1.5625;-1.25;-0.9375;-0.625;-0.3125;0;0.3125;0.625;0.9375;1.25;1.5625;1.875;2.1875;2.5;2.8125;3.125;3.4375;3.75;4.0625;4.375;4.6875;5;5.3125;5.625;5.9375;6.25;6.5625;6.875;7.1875;7.5;7.8125;8.125;8.4375;8.75;9.0625;9.375;9.6875;10","0;0;0;0;0;0;0;0;0;0;1;17;48;73;85;84;93;134;305;683;1648;3649;6355;8764;10128;10322;11468;11494;11714;11643;11687;14864;14870;13793;11957;10324;7662;5580;4629;4363;2689;2222;1585;1232;580;247;151;94;69;43;12;13;2;0;0;0;0;0;0;0;0;0;0;0",197376
1,5,"LeakyReLULayer( 0.050000 )",post_activation,"-10;-9.6875;-9.375;-9.0625;-8.75;-8.4375;-8.125;-7.8125;-7.5;-7.1875;-6.875;-6.5625;-6.25;-5.9375;-5.625;-5.3125;-5;-4.6875;-4.375;-4.0625;-3.75;-3.4375;-3.125;-2.8125;-2.5;-2.1875;-1.875;-1.5625;-1.25;-0.9375;-0.625;-0.3125;0;0.3125;0.625;0.9375;1.25;1.5625;1.875;2.1875;2.5;2.8125;3.125;3.4375;3.75;4.0625;4.375;4.6875;5;5.3125;5.625;5.9375;6.25;6.5625;6.875;7.1875;7.5;7.8125;8.125;8.4375;8.75;9.0625;9.375;9.6875;10","0;0;0;0;0;0;0;0;0;0;0;0;0;0;0;0;0;0;0;0;0;0;0;0;0;0;0;0;0;0;18;115241;14870;13793;11957;10324;7662;5580;4629;4363;2689;2222;1585;1232;580;247;151;94;69;43;12;13;2;0;0;0;0;0;0;0;0;0;0;0",197376
1,7,"LeakyReLULayer( 0.050000 )",pre_activation,"-10;-9.6875;-9.375;-9.0625;-8.75;-8.4375;-8.125;-7.8125;-7.5;-7.1875;-6.875;-6.5625;-6.25;-5.9375;-5.625;-5.3125;-5;-4.6875;-4.375;-4.0625;-3.75;-3.4375;-3.125;-2.8125;-2.5;-2.1875;-1.875;-1.5625;-1.25;-0.9375;-0.625;-0.3125;0;0.3125;0.625;0.9375;1.25;1.5625;1.875;2.1875;2.5;2.8125;3.125;3.4375;3.75;4.0625;4.375;4.6875;5;5.3125;5.625;5.9375;6.25;6.5625;6.875;7.1875;7.5;7.8125;8.125;8.4375;8.75;9.0625;9.375;9.6875;10","0;0;0;0;0;0;0;0;0;0;0;0;4;7;17;40;56;75;192;316;466;661;1078;1794;2644;3371;3975;4519;6259;8874;8647;9012;9432;9115;8616;7421;4182;3428;2105;1045;630;376;182;74;40;25;10;0;0;0;0;0;0;0;0;0;0;0;0;0;0;0;0;0",98688
1,7,"LeakyReLULayer( 0.050000 )",post_activation,"-10;-9.6875;-9.375;-9.0625;-8.75;-8.4375;-8.125;-7.8125;-7.5;-7.1875;-6.875;-6.5625;-6.25;-5.9375;-5.625;-5.3125;-5;-4.6875;-4.375;-4.0625;-3.75;-3.4375;-3.125;-2.8125;-2.5;-2.1875;-1.875;-1.5625;-1.25;-0.9375;-0.625;-0.3125;0;0.3125;0.625;0.9375;1.25;1.5625;1.875;2.1875;2.5;2.8125;3.125;3.4375;3.75;4.0625;4.375;4.6875;5;5.3125;5.625;5.9375;6.25;6.5625;6.875;7.1875;7.5;7.8125;8.125;8.4375;8.75;9.0625;9.375;9.6875;10","0;0;0;0;0;0;0;0;0;0;0;0;0;0;0;0;0;0;0;0;0;0;0;0;0;0;0;0;0;0;0;52007;9432;9115;8616;7421;4182;3428;2105;1045;630;376;182;74;40;25;10;0;0;0;0;0;0;0;0;0;0;0;0;0;0;0;0;0",98688
2,1,"LeakyReLULayer( 0.050000 )",pre_activation,"-10;-9.6875;-9.375;-9.0625;-8.75;-8.4375;-8.125;-7.8125;-7.5;-7.1875;-6.875;-6.5625;-6.25;-5.9375;-5.625;-5.3125;-5;-4.6875;-4.375;-4.0625;-3.75;-3.4375;-3.125;-2.8125;-2.5;-2.1875;-1.875;-1.5625;-1.25;-0.9375;-0.625;-0.3125;0;0.3125;0.625;0.9375;1.25;1.5625;1.875;2.1875;2.5;2.8125;3.125;3.4375;3.75;4.0625;4.375;4.6875;5;5.3125;5.625;5.9375;6.25;6.5625;6.875;7.1875;7.5;7.8125;8.125;8.4375;8.75;9.0625;9.375;9.6875;10","0;0;0;0;0;0;0;0;0;0;0;0;0;0;0;0;0;0;0;0;0;306;7359;24721;55948;74174;77412;87335;103936;175613;685228;4319414;4237504;711155;150196;86581;79469;69514;56840;40147;24404;14099;8755;5686;3408;1886;899;338;71;2;0;0;0;0;0;0;0;0;0;0;0;0;0;0",11102400
2,1,"LeakyReLULayer( 0.050000 )",post_activation,"-10;-9.6875;-9.375;-9.0625;-8.75;-8.4375;-8.125;-7.8125;-7.5;-7.1875;-6.875;-6.5625;-6.25;-5.9375;-5.625;-5.3125;-5;-4.6875;-4.375;-4.0625;-3.75;-3.4375;-3.125;-2.8125;-2.5;-2.1875;-1.875;-1.5625;-1.25;-0.9375;-0.625;-0.3125;0;0.3125;0.625;0.9375;1.25;1.5625;1.875;2.1875;2.5;2.8125;3.125;3.4375;3.75;4.0625;4.375;4.6875;5;5.3125;5.625;5.9375;6.25;6.5625;6.875;7.1875;7.5;7.8125;8.125;8.4375;8.75;9.0625;9.375;9.6875;10","0;0;0;0;0;0;0;0;0;0;0;0;0;0;0;0;0;0;0;0;0;0;0;0;0;0;0;0;0;0;0;5611446;4237504;711155;150196;86581;79469;69514;56840;40147;24404;14099;8755;5686;3408;1886;899;338;71;2;0;0;0;0;0;0;0;0;0;0;0;0;0;0",11102400
2,5,"LeakyReLULayer( 0.050000 )",pre_activation,"-10;-9.6875;-9.375;-9.0625;-8.75;-8.4375;-8.125;-7.8125;-7.5;-7.1875;-6.875;-6.5625;-6.25;-5.9375;-5.625;-5.3125;-5;-4.6875;-4.375;-4.0625;-3.75;-3.4375;-3.125;-2.8125;-2.5;-2.1875;-1.875;-1.5625;-1.25;-0.9375;-0.625;-0.3125;0;0.3125;0.625;0.9375;1.25;1.5625;1.875;2.1875;2.5;2.8125;3.125;3.4375;3.75;4.0625;4.375;4.6875;5;5.3125;5.625;5.9375;6.25;6.5625;6.875;7.1875;7.5;7.8125;8.125;8.4375;8.75;9.0625;9.375;9.6875;10","0;0;0;0;0;0;0;7;26;59;123;176;185;191;233;418;971;2564;6433;10797;15071;15593;14025;12782;9452;7041;7533;7762;7015;7151;5860;6682;6402;5690;4625;4734;4772;3829;4209;4699;4107;3460;3387;2726;2327;1376;839;606;482;312;198;147;133;76;49;30;10;1;0;0;0;0;0;0",197376
2,5,"LeakyReLULayer( 0.050000 )",post_activation,"-10;-9.6875;-9.375;-9.0625;-8.75;-8.4375;-8.125;-7.8125;-7.5;-7.1875;-6.875;-6.5625;-6.25;-5.9375;-5.625;-5.3125;-5;-4.6875;-4.375;-4.0625;-3.75;-3.4375;-3.125;-2.8125;-2.5;-2.1875;-1.875;-1.5625;-1.25;-0.9375;-0.625;-0.3125;0;0.3125;0.625;0.9375;1.25;1.5625;1.875;2.1875;2.5;2.8125;3.125;3.4375;3.75;4.0625;4.375;4.6875;5;5.3125;5.625;5.9375;6.25;6.5625;6.875;7.1875;7.5;7.8125;8.125;8.4375;8.75;9.0625;9.375;9.6875;10","0;0;0;0;0;0;0;0;0;0;0;0;0;0;0;0;0;0;0;0;0;0;0;0;0;0;0;0;0;0;391;137759;6402;5690;4625;4734;4772;3829;4209;4699;4107;3460;3387;2726;2327;1376;839;606;482;312;198;147;133;76;49;30;10;1;0;0;0;0;0;0",197376
2,7,"LeakyReLULayer( 0.050000 )",pre_activation,"-10;-9.6875;-9.375;-9.0625;-8.75;-8.4375;-8.125;-7.8125;-7.5;-7.1875;-6.875;-6.5625;-6.25;-5.9375;-5.625;-5.3125;-5;-4.6875;-4.375;-4.0625;-3.75;-3.4375;-3.125;-2.8125;-2.5;-2.1875;-1.875;-1.5625;-1.25;-0.9375;-0.625;-0.3125;0;0.3125;0.625;0.9375;1.25;1.5625;1.875;2.1875;2.5;2.8125;3.125;3.4375;3.75;4.0625;4.375;4.6875;5;5.3125;5.625;5.9375;6.25;6.5625;6.875;7.1875;7.5;7.8125;8.125;8.4375;8.75;9.0625;9.375;9.6875;10","0;0;0;0;0;0;1;8;16;35;32;68;63;96;115;216;328;412;535;1043;1598;2654;3093;3574;4131;4442;5870;6109;7052;6941;5201;4964;5673;7249;5747;4491;5125;2981;3040;2033;1344;740;515;482;334;128;65;73;32;32;7;0;0;0;0;0;0;0;0;0;0;0;0;0",98688
2,7,"LeakyReLULayer( 0.050000 )",post_activation,"-10;-9.6875;-9.375;-9.0625;-8.75;-8.4375;-8.125;-7.8125;-7.5;-7.1875;-6.875;-6.5625;-6.25;-5.9375;-5.625;-5.3125;-5;-4.6875;-4.375;-4.0625;-3.75;-3.4375;-3.125;-2.8125;-2.5;-2.1875;-1.875;-1.5625;-1.25;-0.9375;-0.625;-0.3125;0;0.3125;0.625;0.9375;1.25;1.5625;1.875;2.1875;2.5;2.8125;3.125;3.4375;3.75;4.0625;4.375;4.6875;5;5.3125;5.625;5.9375;6.25;6.5625;6.875;7.1875;7.5;7.8125;8.125;8.4375;8.75;9.0625;9.375;9.6875;10","0;0;0;0;0;0;0;0;0;0;0;0;0;0;0;0;0;0;0;0;0;0;0;0;0;0;0;0;0;0;160;58437;5673;7249;5747;4491;5125;2981;3040;2033;1344;740;515;482;334;128;65;73;32;32;7;0;0;0;0;0;0;0;0;0;0;0;0;0",98688
3,1,"LeakyReLULayer( 0.050000 )",pre_activation,"-10;-9.6875;-9.375;-9.0625;-8.75;-8.4375;-8.125;-7.8125;-7.5;-7.1875;-6.875;-6.5625;-6.25;-5.9375;-5.625;-5.3125;-5;-4.6875;-4.375;-4.0625;-3.75;-3.4375;-3.125;-2.8125;-2.5;-2.1875;-1.875;-1.5625;-1.25;-0.9375;-0.625;-0.3125;0;0.3125;0.625;0.9375;1.25;1.5625;1.875;2.1875;2.5;2.8125;3.125;3.4375;3.75;4.0625;4.375;4.6875;5;5.3125;5.625;5.9375;6.25;6.5625;6.875;7.1875;7.5;7.8125;8.125;8.4375;8.75;9.0625;9.375;9.6875;10","0;0;0;0;0;0;0;0;0;0;0;0;0;0;0;0;0;0;0;0;0;0;3153;14799;46355;72500;81936;90299;95517;139497;424850;4826645;4395202;432734;102821;90178;80522;69885;54478;34444;19860;11091;7188;4343;2408;1139;459;93;4;0;0;0;0;0;0;0;0;0;0;0;0;0;0;0",11102400
3,1,"LeakyReLULayer( 0.050000 )",post_activation,"-10;-9.6875;-9.375;-9.0625;-8.75;-8.4375;-8.125;-7.8125;-7.5;-7.1875;-6.875;-6.5625;-6.25;-5.9375;-5.625;-5.3125;-5;-4.6875;-4.375;-4.0625;-3.75;-3.4375;-3.125;-2.8125;-2.5;-2.1875;-1.875;-1.5625;-1.25;-0.9375;-0.625;-0.3125;0;0.3125;0.625;0.9375;1.25;1.5625;1.875;2.1875;2.5;2.8125;3.125;3.4375;3.75;4.0625;4.375;4.6875;5;5.3125;5.625;5.9375;6.25;6.5625;6.875;7.1875;7.5;7.8125;8.125;8.4375;8.75;9.0625;9.375;9.6875;10","0;0;0;0;0;0;0;0;0;0;0;0;0;0;0;0;0;0;0;0;0;0;0;0;0;0;0;0;0;0;0;5795551;4395202;432734;102821;90178;80522;69885;54478;34444;19860;11091;7188;4343;2408;1139;459;93;4;0;0;0;0;0;0;0;0;0;0;0;0;0;0;0",11102400
3,5,"LeakyReLULayer( 0.050000 )",pre_activation,"-10;-9.6875;-9.375;-9.0625;-8.75;-8.4375;-8.125;-7.8125;-7.5;-7.1875;-6.875;-6.5625;-6.25;-5.9375;-5.625;-5.3125;-5;-4.6875;-4.375;-4.0625;-3.75;-3.4375;-3.125;-2.8125;-2.5;-2.1875;-1.875;-1.5625;-1.25;-0.9375;-0.625;-0.3125;0;0.3125;0.625;0.9375;1.25;1.5625;1.875;2.1875;2.5;2.8125;3.125;3.4375;3.75;4.0625;4.375;4.6875;5;5.3125;5.625;5.9375;6.25;6.5625;6.875;7.1875;7.5;7.8125;8.125;8.4375;8.75;9.0625;9.375;9.6875;10","0;0;0;0;0;0;0;15;61;108;150;173;193;227;371;807;2058;4739;9243;14353;16608;14446;12666;10649;8026;7095;7081;8265;9292;5875;5663;6643;4172;4031;3698;3711;4210;4522;4663;4989;3886;3253;2625;2154;2226;1565;805;579;380;263;218;168;149;105;86;64;35;12;0;0;0;0;0;0",197376
3,5,"LeakyReLULayer( 0.050000 )",post_activation,"-10;-9.6875;-9.375;-9.0625;-8.75;-8.4375;-8.125;-7.8125;-7.5;-7.1875;-6.875;-6.5625;-6.25;-5.9375;-5.625;-5.3125;-5;-4.6875;-4.375;-4.0625;-3.75;-3.4375;-3.125;-2.8125;-2.5;-2.1875;-1.875;-1.5625;-1.25;-0.9375;-0.625;-0.3125;0;0.3125;0.625;0.9375;1.25;1.5625;1.875;2.1875;2.5;2.8125;3.125;3.4375;3.75;4.0625;4.375;4.6875;5;5.3125;5.625;5.9375;6.25;6.5625;6.875;7.1875;7.5;7.8125;8.125;8.4375;8.75;9.0625;9.375;9.6875;10","0;0;0;0;0;0;0;0;0;0;0;0;0;0;0;0;0;0;0;0;0;0;0;0;0;0;0;0;0;0;507;144300;4172;4031;3698;3711;4210;4522;4663;4989;3886;3253;2625;2154;2226;1565;805;579;380;263;218;168;149;105;86;64;35;12;0;0;0;0;0;0",197376
3,7,"LeakyReLULayer( 0.050000 )",pre_activation,"-10;-9.6875;-9.375;-9.0625;-8.75;-8.4375;-8.125;-7.8125;-7.5;-7.1875;-6.875;-6.5625;-6.25;-5.9375;-5.625;-5.3125;-5;-4.6875;-4.375;-4.0625;-3.75;-3.4375;-3.125;-2.8125;-2.5;-2.1875;-1.875;-1.5625;-1.25;-0.9375;-0.625;-0.3125;0;0.3125;0.625;0.9375;1.25;1.5625;1.875;2.1875;2.5;2.8125;3.125;3.4375;3.75;4.0625;4.375;4.6875;5;5.3125;5.625;5.9375;6.25;6.5625;6.875;7.1875;7.5;7.8125;8.125;8.4375;8.75;9.0625;9.375;9.6875;10","0;0;0;0;0;0;0;0;0;2;12;36;57;82;125;267;381;398;505;952;1372;2282;3739;4179;3842;4500;5969;5160;7154;7586;5882;5905;6048;5220;6018;6937;3704;2513;2331;1976;1293;725;541;526;250;123;49;27;19;1;0;0;0;0;0;0;0;0;0;0;0;0;0;0",98688
3,7,"LeakyReLULayer( 0.050000 )",post_activation,"-10;-9.6875;-9.375;-9.0625;-8.75;-8.4375;-8.125;-7.8125;-7.5;-7.1875;-6.875;-6.5625;-6.25;-5.9375;-5.625;-5.3125;-5;-4.6875;-4.375;-4.0625;-3.75;-3.4375;-3.125;-2.8125;-2.5;-2.1875;-1.875;-1.5625;-1.25;-0.9375;-0.625;-0.3125;0;0.3125;0.625;0.9375;1.25;1.5625;1.875;2.1875;2.5;2.8125;3.125;3.4375;3.75;4.0625;4.375;4.6875;5;5.3125;5.625;5.9375;6.25;6.5625;6.875;7.1875;7.5;7.8125;8.125;8.4375;8.75;9.0625;9.375;9.6875;10","0;0;0;0;0;0;0;0;0;0;0;0;0;0;0;0;0;0;0;0;0;0;0;0;0;0;0;0;0;0;50;60337;6048;5220;6018;6937;3704;2513;2331;1976;1293;725;541;526;250;123;49;27;19;1;0;0;0;0;0;0;0;0;0;0;0;0;0;0",98688
4,1,"LeakyReLULayer( 0.050000 )",pre_activation,"-10;-9.6875;-9.375;-9.0625;-8.75;-8.4375;-8.125;-7.8125;-7.5;-7.1875;-6.875;-6.5625;-6.25;-5.9375;-5.625;-5.3125;-5;-4.6875;-4.375;-4.0625;-3.75;-3.4375;-3.125;-2.8125;-2.5;-2.1875;-1.875;-1.5625;-1.25;-0.9375;-0.625;-0.3125;0;0.3125;0.625;0.9375;1.25;1.5625;1.875;2.1875;2.5;2.8125;3.125;3.4375;3.75;4.0625;4.375;4.6875;5;5.3125;5.625;5.9375;6.25;6.5625;6.875;7.1875;7.5;7.8125;8.125;8.4375;8.75;9.0625;9.375;9.6875;10","0;0;0;0;0;0;0;0;0;0;0;0;0;0;0;0;0;0;0;0;0;0;1578;11904;40703;71628;83439;91676;94682;131504;355254;4973828;4431471;347401;98664;91252;81139;70176;52786;31506;17921;10366;6502;3808;1984;901;290;37;0;0;0;0;0;0;0;0;0;0;0;0;0;0;0;0",11102400
4,1,"LeakyReLULayer( 0.050000 )",post_activation,"-10;-9.6875;-9.375;-9.0625;-8.75;-8.4375;-8.125;-7.8125;-7.5;-7.1875;-6.875;-6.5625;-6.25;-5.9375;-5.625;-5.3125;-5;-4.6875;-4.375;-4.0625;-3.75;-3.4375;-3.125;-2.8125;-2.5;-2.1875;-1.875;-1.5625;-1.25;-0.9375;-0.625;-0.3125;0;0.3125;0.625;0.9375;1.25;1.5625;1.875;2.1875;2.5;2.8125;3.125;3.4375;3.75;4.0625;4.375;4.6875;5;5.3125;5.625;5.9375;6.25;6.5625;6.875;7.1875;7.5;7.8125;8.125;8.4375;8.75;9.0625;9.375;9.6875;10","0;0;0;0;0;0;0;0;0;0;0;0;0;0;0;0;0;0;0;0;0;0;0;0;0;0;0;0;0;0;0;5856196;4431471;347401;98664;91252;81139;70176;52786;31506;17921;10366;6502;3808;1984;901;290;37;0;0;0;0;0;0;0;0;0;0;0;0;0;0;0;0",11102400
4,5,"LeakyReLULayer( 0.050000 )",pre_activation,"-10;-9.6875;-9.375;-9.0625;-8.75;-8.4375;-8.125;-7.8125;-7.5;-7.1875;-6.875;-6.5625;-6.25;-5.9375;-5.625;-5.3125;-5;-4.6875;-4.375;-4.0625;-3.75;-3.4375;-3.125;-2.8125;-2.5;-2.1875;-1.875;-1.5625;-1.25;-0.9375;-0.625;-0.3125;0;0.3125;0.625;0.9375;1.25;1.5625;1.875;2.1875;2.5;2.8125;3.125;3.4375;3.75;4.0625;4.375;4.6875;5;5.3125;5.625;5.9375;6.25;6.5625;6.875;7.1875;7.5;7.8125;8.125;8.4375;8.75;9.0625;9.375;9.6875;10","0;0;0;0;0;5;27;50;88;111;152;177;198;263;516;1183;3021;6183;11055;16008;15573;14627;12086;8923;7944;6922;7233;8799;7575;5489;5839;5795;4046;3216;3070;4094;4439;4067;5167;4922;3755;3199;2416;1957;1909;1676;1124;802;467;286;234;204;159;110;85;69;41;18;2;0;0;0;0;0",197376
4,5,"LeakyReLULayer( 0.050000 )",post_activation,"-10;-9.6875;-9.375;-9.0625;-8.75;-8.4375;-8.125;-7.8125;-7.5;-7.1875;-6.875;-6.5625;-6.25;-5.9375;-5.625;-5.3125;-5;-4.6875;-4.375;-4.0625;-3.75;-3.4375;-3.125;-2.8125;-2.5;-2.1875;-1.875;-1.5625;-1.25;-0.9375;-0.625;-0.3125;0;0.3125;0.625;0.9375;1.25;1.5625;1.875;2.1875;2.5;2.8125;3.125;3.4375;3.75;4.0625;4.375;4.6875;5;5.3125;5.625;5.9375;6.25;6.5625;6.875;7.1875;7.5;7.8125;8.125;8.4375;8.75;9.0625;9.375;9.6875;10","0;0;0;0;0;0;0;0;0;0;0;0;0;0;0;0;0;0;0;0;0;0;0;0;0;0;0;0;0;0;610;145232;4046;3216;3070;4094;4439;4067;5167;4922;3755;3199;2416;1957;1909;1676;1124;802;467;286;234;204;159;110;85;69;41;18;2;0;0;0;0;0",197376
4,7,"LeakyReLULayer( 0.050000 )",pre_activation,"-10;-9.6875;-9.375;-9.0625;-8.75;-8.4375;-8.125;-7.8125;-7.5;-7.1875;-6.875;-6.5625;-6.25;-5.9375;-5.625;-5.3125;-5;-4.6875;-4.375;-4.0625;-3.75;-3.4375;-3.125;-2.8125;-2.5;-2.1875;-1.875;-1.5625;-1.25;-0.9375;-0.625;-0.3125;0;0.3125;0.625;0.9375;1.25;1.5625;1.875;2.1875;2.5;2.8125;3.125;3.4375;3.75;4.0625;4.375;4.6875;5;5.3125;5.625;5.9375;6.25;6.5625;6.875;7.1875;7.5;7.8125;8.125;8.4375;8.75;9.0625;9.375;9.6875;10","0;0;0;0;0;0;0;0;0;1;19;44;65;97;175;309;365;399;599;1035;1337;2151;4198;3844;3846;4636;6444;5898;7295;7125;6236;5921;5339;4745;5975;6178;4587;2615;1990;1573;1177;864;506;484;275;143;80;45;41;27;5;0;0;0;0;0;0;0;0;0;0;0;0;0",98688
4,7,"LeakyReLULayer( 0.050000 )",post_activation,"-10;-9.6875;-9.375;-9.0625;-8.75;-8.4375;-8.125;-7.8125;-7.5;-7.1875;-6.875;-6.5625;-6.25;-5.9375;-5.625;-5.3125;-5;-4.6875;-4.375;-4.0625;-3.75;-3.4375;-3.125;-2.8125;-2.5;-2.1875;-1.875;-1.5625;-1.25;-0.9375;-0.625;-0.3125;0;0.3125;0.625;0.9375;1.25;1.5625;1.875;2.1875;2.5;2.8125;3.125;3.4375;3.75;4.0625;4.375;4.6875;5;5.3125;5.625;5.9375;6.25;6.5625;6.875;7.1875;7.5;7.8125;8.125;8.4375;8.75;9.0625;9.375;9.6875;10","0;0;0;0;0;0;0;0;0;0;0;0;0;0;0;0;0;0;0;0;0;0;0;0;0;0;0;0;0;0;64;61975;5339;4745;5975;6178;4587;2615;1990;1573;1177;864;506;484;275;143;80;45;41;27;5;0;0;0;0;0;0;0;0;0;0;0;0;0",98688
