epoch,layer_index,layer_name,phase,count,mean,variance,minimum,maximum
1,1,"LeakyReLULayer( 0.050000 )",pre_activation,9864000,9.8296675893217217e-05,0.33329866794913604,-2.376483678817749,4.042426586151123
1,1,"LeakyReLULayer( 0.050000 )",post_activation,9864000,0.17662069106618564,0.14348914350606465,-0.11882418394088745,4.042426586151123
1,5,"LeakyReLULayer( 0.050000 )",pre_activation,175360,0.00048037014674813706,0.42494968864953969,-2.6236505508422852,2.6792075634002686
1,5,"LeakyReLULayer( 0.050000 )",post_activation,175360,0.24072461663519379,0.1611144124153297,-0.13118253648281097,2.6792075634002686
1,7,"LeakyReLULayer( 0.050000 )",pre_activation,87680,-0.029124091251528757,0.26108022420723692,-1.9809491634368896,2.6228809356689453
1,7,"LeakyReLULayer( 0.050000 )",post_activation,87680,0.17489116995274609,0.086691569061884258,-0.099047459661960602,2.6228809356689453
2,1,"LeakyReLULayer( 0.050000 )",pre_activation,9864000,0.00012345527867930285,0.33623294731198611,-2.381955623626709,4.0511531829833984
2,1,"LeakyReLULayer( 0.050000 )",post_activation,9864000,0.17747027750680572,0.14475441929952959,-0.11909778416156769,4.0511531829833984
2,5,"LeakyReLULayer( 0.050000 )",pre_activation,175360,0.015112035144265908,0.47098369781648541,-2.6377172470092773,2.7921750545501709
2,5,"LeakyReLULayer( 0.050000 )",post_activation,175360,0.25803128898024003,0.18338467433006159,-0.13188587129116058,2.7921750545501709
2,7,"LeakyReLULayer( 0.050000 )",pre_activation,87680,-0.021864899808638687,0.32681287007194881,-2.1782028675079346,3.1863546371459961
2,7,"LeakyReLULayer( 0.050000 )",post_activation,87680,0.20107157145929824,0.11859851922522438,-0.10891014337539673,3.1863546371459961
3,1,"LeakyReLULayer( 0.050000 )",pre_activation,9864000,0.00012697521493433146,0.33639255135041718,-2.3807201385498047,4.0507917404174805
3,1,"LeakyReLULayer( 0.050000 )",post_activation,9864000,0.17751617234512271,0.14482670403932285,-0.11903601139783859,4.0507917404174805
3,5,"LeakyReLULayer( 0.050000 )",pre_activation,175360,0.011417042180697739,0.48867873602715622,-2.6459922790527344,2.8317782878875732
3,5,"LeakyReLULayer( 0.050000 )",post_activation,175360,0.26090706783092027,0.19014609818037545,-0.13229961693286896,2.8317782878875732
3,7,"LeakyReLULayer( 0.050000 )",pre_activation,87680,-0.017613449314714577,0.34590375761859166,-2.1743755340576172,3.1905107498168945
3,7,"LeakyReLULayer( 0.050000 )",post_activation,87680,0.20982395923273597,0.12732960675411126,-0.10871877521276474,3.1905107498168945
4,1,"LeakyReLULayer( 0.050000 )",pre_activation,9864000,0.00013201835909417418,0.33612617115772503,-2.3784527778625488,4.0450797080993652
4,1,"LeakyReLULayer( 0.050000 )",post_activation,9864000,0.17745297992103232,0.14471266770266128,-0.1189226433634758,4.0450797080993652
4,5,"LeakyReLULayer( 0.050000 )",pre_activation,175360,0.0084598264749084651,0.49168570179787646,-2.6445155143737793,2.8588368892669678
4,5,"LeakyReLULayer( 0.050000 )",post_activation,175360,0.26083497761342167,0.19108750326497106,-0.13222578167915344,2.8588368892669678
4,7,"LeakyReLULayer( 0.050000 )",pre_activation,87680,-0.015864456118691184,0.34887894214531279,-2.2035894393920898,3.1931679248809814
4,7,"LeakyReLULayer( 0.050000 )",post_activation,87680,0.21190967678709419,0.12799527732817148,-0.11017947643995285,3.1931679248809814
5,1,"LeakyReLULayer( 0.050000 )",pre_activation,9864000,0.00015421464329078152,0.3364400025377603,-2.378662109375,4.0460953712463379
5,1,"LeakyReLULayer( 0.050000 )",post_activation,9864000,0.17762968677342394,0.14481981580836803,-0.11893310397863388,4.0460953712463379
5,5,"LeakyReLULayer( 0.050000 )",pre_activation,175360,0.011504139265364916,0.4951816003468853,-2.6418979167938232,2.8653554916381836
5,5,"LeakyReLULayer( 0.050000 )",post_activation,175360,0.26383232595452327,0.19280693941901222,-0.13209490478038788,2.8653554916381836
5,7,"LeakyReLULayer( 0.050000 )",pre_activation,87680,-0.015142468096525115,0.35680031595200856,-2.2727839946746826,3.2620837688446045
5,7,"LeakyReLULayer( 0.050000 )",post_activation,87680,0.21460625956535032,0.13106293184588647,-0.11363919824361801,3.2620837688446045
6,1,"LeakyReLULayer( 0.050000 )",pre_activation,9864000,0.00017108083745734189,0.33656662900999201,-2.3784489631652832,4.0459408760070801
6,1,"LeakyReLULayer( 0.050000 )",post_activation,9864000,0.17773884251194089,0.1448513517448009,-0.11892244964838028,4.0459408760070801
6,5,"LeakyReLULayer( 0.050000 )",pre_activation,175360,0.012766911091247191,0.49701050645547562,-2.6397156715393066,2.8712155818939209
6,5,"LeakyReLULayer( 0.050000 )",post_activation,175360,0.26532694345582658,0.19353566123047677,-0.13198578357696533,2.8712155818939209
6,7,"LeakyReLULayer( 0.050000 )",pre_activation,87680,-0.013568899705073254,0.36084546826815578,-2.2836310863494873,3.3013303279876709
6,7,"LeakyReLULayer( 0.050000 )",post_activation,87680,0.2166459913051953,0.13270584715020764,-0.11418155580759048,3.3013303279876709
7,1,"LeakyReLULayer( 0.050000 )",pre_activation,9864000,0.00018574014830172349,0.33665977136119651,-2.3785498142242432,4.0462198257446289
7,1,"LeakyReLULayer( 0.050000 )",post_activation,9864000,0.17782720337882291,0.14487168028375488,-0.1189274936914444,4.0462198257446289
7,5,"LeakyReLULayer( 0.050000 )",pre_activation,175360,0.013384965113897808,0.49769858435424341,-2.6368603706359863,2.8674027919769287
7,5,"LeakyReLULayer( 0.050000 )",post_activation,175360,0.26610482558608561,0.19381384876434465,-0.13184301555156708,2.8674027919769287
7,7,"LeakyReLULayer( 0.050000 )",pre_activation,87680,-0.012225276514910535,0.36296049058445068,-2.2741222381591797,3.3240175247192383
7,7,"LeakyReLULayer( 0.050000 )",post_activation,87680,0.21787936559179352,0.13355007962711732,-0.11370611190795898,3.3240175247192383
8,1,"LeakyReLULayer( 0.050000 )",pre_activation,9864000,0.00020052233875321267,0.33680532843190636,-2.3784918785095215,4.046269416809082
8,1,"LeakyReLULayer( 0.050000 )",post_activation,9864000,0.17793076021482335,0.14491365063019379,-0.11892459541559219,4.046269416809082
8,5,"LeakyReLULayer( 0.050000 )",pre_activation,175360,0.014751928519627575,0.49833682873746904,-2.6362080574035645,2.8680450916290283
8,5,"LeakyReLULayer( 0.050000 )",post_activation,175360,0.26721556997892182,0.19408176632286905,-0.13181041181087494,2.8680450916290283
8,7,"LeakyReLULayer( 0.050000 )",pre_activation,87680,-0.011846611996560631,0.36483462835599867,-2.2709734439849854,3.3535206317901611
8,7,"LeakyReLULayer( 0.050000 )",post_activation,87680,0.21844622943120476,0.13416205400203368,-0.11354867368936539,3.3535206317901611
9,1,"LeakyReLULayer( 0.050000 )",pre_activation,9864000,0.00021256819320864551,0.33688993818889507,-2.378610372543335,4.0463681221008301
9,1,"LeakyReLULayer( 0.050000 )",post_activation,9864000,0.17801028777653616,0.14493142898634526,-0.11893051862716675,4.0463681221008301
9,5,"LeakyReLULayer( 0.050000 )",pre_activation,175360,0.015216174070749657,0.49905027412020025,-2.6341469287872314,2.8616759777069092
9,5,"LeakyReLULayer( 0.050000 )",post_activation,175360,0.26782735123166912,0.19445351982869952,-0.13170735538005829,2.8616759777069092
9,7,"LeakyReLULayer( 0.050000 )",pre_activation,87680,-0.011146762234396434,0.36671868723263984,-2.2691819667816162,3.3542702198028564
9,7,"LeakyReLULayer( 0.050000 )",post_activation,87680,0.21914793714537922,0.13452571552753076,-0.11345910280942917,3.3542702198028564
10,1,"LeakyReLULayer( 0.050000 )",pre_activation,9864000,0.00022323608471086875,0.33695733969486347,-2.3785910606384277,4.0459179878234863
10,1,"LeakyReLULayer( 0.050000 )",post_activation,9864000,0.17807777235449812,0.14494418278070273,-0.11892955750226974,4.0459179878234863
10,5,"LeakyReLULayer( 0.050000 )",pre_activation,175360,0.016946023825064591,0.49866276387466274,-2.6329200267791748,2.8567571640014648
10,5,"LeakyReLULayer( 0.050000 )",post_activation,175360,0.26884671777860136,0.19423145830713268,-0.13164600729942322,2.8567571640014648
10,7,"LeakyReLULayer( 0.050000 )",pre_activation,87680,-0.011437932072441523,0.36753059318093761,-2.264298677444458,3.3537676334381104
10,7,"LeakyReLULayer( 0.050000 )",post_activation,87680,0.21934998919679816,0.13450188397633442,-0.11321493238210678,3.3537676334381104
11,1,"LeakyReLULayer( 0.050000 )",pre_activation,9864000,0.00023184279177363752,0.33702838181620276,-2.3784501552581787,4.0457310676574707
11,1,"LeakyReLULayer( 0.050000 )",post_activation,9864000,0.17813916867254659,0.14496059123600327,-0.11892250925302505,4.0457310676574707
11,5,"LeakyReLULayer( 0.050000 )",pre_activation,175360,0.017800656845136317,0.49906582859298249,-2.6331632137298584,2.8402168750762939
11,5,"LeakyReLULayer( 0.050000 )",post_activation,175360,0.26954319942831906,0.19445123367347178,-0.1316581666469574,2.8402168750762939
11,7,"LeakyReLULayer( 0.050000 )",pre_activation,87680,-0.011248385479511123,0.36891191936161749,-2.2703309059143066,3.3557980060577393
11,7,"LeakyReLULayer( 0.050000 )",post_activation,87680,0.21981833059517819,0.13456446854674187,-0.11351654678583145,3.3557980060577393
12,1,"LeakyReLULayer( 0.050000 )",pre_activation,9864000,0.00023852645237339233,0.33706603562333209,-2.3783707618713379,4.0465335845947266
12,1,"LeakyReLULayer( 0.050000 )",post_activation,9864000,0.17817267314975552,0.14497000763002049,-0.11891853809356689,4.0465335845947266
12,5,"LeakyReLULayer( 0.050000 )",pre_activation,175360,0.018374463513706495,0.49926441646443714,-2.6331727504730225,2.8353774547576904
12,5,"LeakyReLULayer( 0.050000 )",post_activation,175360,0.27005932666818538,0.19453210390813544,-0.1316586434841156,2.8353774547576904
12,7,"LeakyReLULayer( 0.050000 )",pre_activation,87680,-0.011585295530980529,0.36968322711976098,-2.2712638378143311,3.3530457019805908
12,7,"LeakyReLULayer( 0.050000 )",post_activation,87680,0.21992258697534908,0.13433516736471071,-0.11356319487094879,3.3530457019805908
13,1,"LeakyReLULayer( 0.050000 )",pre_activation,9864000,0.00024608953392591813,0.3371521796723751,-2.3785758018493652,4.0463123321533203
13,1,"LeakyReLULayer( 0.050000 )",post_activation,9864000,0.17822991756421466,0.14499536629563164,-0.11892879009246826,4.0463123321533203
13,5,"LeakyReLULayer( 0.050000 )",pre_activation,175360,0.018868519244931884,0.49978431815284857,-2.633131742477417,2.8317372798919678
13,5,"LeakyReLULayer( 0.050000 )",post_activation,175360,0.27056998183756753,0.19478865898803308,-0.13165658712387085,2.8317372798919678
13,7,"LeakyReLULayer( 0.050000 )",pre_activation,87680,-0.011783588771272646,0.37095334471421232,-2.2757582664489746,3.3570640087127686
13,7,"LeakyReLULayer( 0.050000 )",post_activation,87680,0.22011748504860426,0.13436036407777063,-0.11378791183233261,3.3570640087127686
14,1,"LeakyReLULayer( 0.050000 )",pre_activation,9864000,0.00025111387792867807,0.33719354936587415,-2.3784804344177246,4.0464777946472168
14,1,"LeakyReLULayer( 0.050000 )",post_activation,9864000,0.17826036322368763,0.14500727339786179,-0.11892402172088623,4.0464777946472168
14,5,"LeakyReLULayer( 0.050000 )",pre_activation,175360,0.019636651844889108,0.49927291157273207,-2.6334338188171387,2.8254835605621338
14,5,"LeakyReLULayer( 0.050000 )",post_activation,175360,0.27085849804364381,0.19469837948720603,-0.13167169690132141,2.8254835605621338
14,7,"LeakyReLULayer( 0.050000 )",pre_activation,87680,-0.012732391499984107,0.37117389711195026,-2.2756657600402832,3.3427696228027344
14,7,"LeakyReLULayer( 0.050000 )",post_activation,87680,0.21982344169140672,0.13417955020942127,-0.11378329247236252,3.3427696228027344
15,1,"LeakyReLULayer( 0.050000 )",pre_activation,9864000,0.0002547527585252165,0.33720755736211644,-2.3785929679870605,4.0460915565490723
15,1,"LeakyReLULayer( 0.050000 )",post_activation,9864000,0.17827719237311657,0.14500936901263695,-0.11892964690923691,4.0460915565490723
15,5,"LeakyReLULayer( 0.050000 )",pre_activation,175360,0.019815452012740174,0.49931716068054899,-2.6327483654022217,2.81984543800354
15,5,"LeakyReLULayer( 0.050000 )",post_activation,175360,0.27100540278225554,0.19490493272058895,-0.13163742423057556,2.81984543800354
15,7,"LeakyReLULayer( 0.050000 )",pre_activation,87680,-0.013650713788959956,0.37207111211290905,-2.2795989513397217,3.3400750160217285
15,7,"LeakyReLULayer( 0.050000 )",post_activation,87680,0.21956984241065394,0.13406712371633769,-0.11397995054721832,3.3400750160217285
16,1,"LeakyReLULayer( 0.050000 )",pre_activation,9864000,0.00026011700344896917,0.33731876467062938,-2.378929615020752,4.0471634864807129
16,1,"LeakyReLULayer( 0.050000 )",post_activation,9864000,0.17832035370955399,0.14505353149183858,-0.11894648522138596,4.0471634864807129
16,5,"LeakyReLULayer( 0.050000 )",pre_activation,175360,0.02002484488027792,0.50006748660926437,-2.6324920654296875,2.819237232208252
16,5,"LeakyReLULayer( 0.050000 )",post_activation,175360,0.27138998988672891,0.19536194906654494,-0.13162460923194885,2.819237232208252
16,7,"LeakyReLULayer( 0.050000 )",pre_activation,87680,-0.015190170152859752,0.37306017833411015,-2.2777867317199707,3.3305997848510742
16,7,"LeakyReLULayer( 0.050000 )",post_activation,87680,0.21902889829416608,0.13408684138427535,-0.11388933658599854,3.3305997848510742
17,1,"LeakyReLULayer( 0.050000 )",pre_activation,9864000,0.00026413066206345935,0.33735483279533029,-2.3792037963867188,4.0468602180480957
17,1,"LeakyReLULayer( 0.050000 )",post_activation,9864000,0.17834854803598851,0.14506309186681571,-0.1189601942896843,4.0468602180480957
17,5,"LeakyReLULayer( 0.050000 )",pre_activation,175360,0.020099751435006957,0.50038459840376548,-2.6320652961730957,2.8198564052581787
17,5,"LeakyReLULayer( 0.050000 )",post_activation,175360,0.27160203450645909,0.19547240126070689,-0.13160327076911926,2.8198564052581787
17,7,"LeakyReLULayer( 0.050000 )",pre_activation,87680,-0.016179631703300772,0.37420415846603755,-2.2769553661346436,3.3323471546173096
17,7,"LeakyReLULayer( 0.050000 )",post_activation,87680,0.21883712173025321,0.13426735269107623,-0.1138477697968483,3.3323471546173096
18,1,"LeakyReLULayer( 0.050000 )",pre_activation,9864000,0.00026672652416274089,0.33737076340874772,-2.3790476322174072,4.0471296310424805
18,1,"LeakyReLULayer( 0.050000 )",post_activation,9864000,0.17836233492265111,0.14506729018484565,-0.11895238608121872,4.0471296310424805
18,5,"LeakyReLULayer( 0.050000 )",pre_activation,175360,0.020036945327132488,0.50035283935568287,-2.6311130523681641,2.8092875480651855
18,5,"LeakyReLULayer( 0.050000 )",post_activation,175360,0.2716491997803675,0.19554910800508823,-0.13155566155910492,2.8092875480651855
18,7,"LeakyReLULayer( 0.050000 )",pre_activation,87680,-0.016837394857926759,0.3746810766023681,-2.2788379192352295,3.3309664726257324
18,7,"LeakyReLULayer( 0.050000 )",post_activation,87680,0.21866255516206465,0.13420766554039498,-0.11394190043210983,3.3309664726257324
19,1,"LeakyReLULayer( 0.050000 )",pre_activation,9864000,0.00026925658782102303,0.3374206327078888,-2.379291296005249,4.0473828315734863
19,1,"LeakyReLULayer( 0.050000 )",post_activation,9864000,0.17838550084721594,0.14508565009187407,-0.11896456778049469,4.0473828315734863
19,5,"LeakyReLULayer( 0.050000 )",pre_activation,175360,0.020281841126326864,0.50057518650117405,-2.6310656070709229,2.8067216873168945
19,5,"LeakyReLULayer( 0.050000 )",post_activation,175360,0.27188418616919419,0.19572888517822568,-0.1315532773733139,2.8067216873168945
19,7,"LeakyReLULayer( 0.050000 )",pre_activation,87680,-0.017777469928122076,0.37551257996031578,-2.2828326225280762,3.3395454883575439
19,7,"LeakyReLULayer( 0.050000 )",post_activation,87680,0.21824110007139338,0.13433091787196588,-0.11414163559675217,3.3395454883575439
20,1,"LeakyReLULayer( 0.050000 )",pre_activation,9864000,0.00027179309950558871,0.33747848922533857,-2.3792824745178223,4.0476765632629395
20,1,"LeakyReLULayer( 0.050000 )",post_activation,9864000,0.1784106949890337,0.14510756636248395,-0.11896412819623947,4.0476765632629395
20,5,"LeakyReLULayer( 0.050000 )",pre_activation,175360,0.020954577163210173,0.50061598594690793,-2.6302239894866943,2.8067212104797363
20,5,"LeakyReLULayer( 0.050000 )",post_activation,175360,0.27238164838046086,0.19592345845953441,-0.13151119649410248,2.8067212104797363
20,7,"LeakyReLULayer( 0.050000 )",pre_activation,87680,-0.018643025365714702,0.37652510203460909,-2.2786200046539307,3.3337602615356445
20,7,"LeakyReLULayer( 0.050000 )",post_activation,87680,0.2181749351243121,0.13450063341329338,-0.11393100023269653,3.3337602615356445
21,1,"LeakyReLULayer( 0.050000 )",pre_activation,9864000,0.00027496653084230574,0.33752385630308729,-2.3795030117034912,4.0480875968933105
21,1,"LeakyReLULayer( 0.050000 )",post_activation,9864000,0.17842958535964537,0.14512621799747444,-0.11897515505552292,4.0480875968933105
21,5,"LeakyReLULayer( 0.050000 )",pre_activation,175360,0.021173594560174775,0.50090631932672336,-2.6298460960388184,2.8095371723175049
21,5,"LeakyReLULayer( 0.050000 )",post_activation,175360,0.27259828422387794,0.19608637125708189,-0.13149230182170868,2.8095371723175049
21,7,"LeakyReLULayer( 0.050000 )",pre_activation,87680,-0.019469822354932085,0.37716283321784461,-2.281156063079834,3.3234751224517822
21,7,"LeakyReLULayer( 0.050000 )",post_activation,87680,0.21787290139164842,0.1345539104294412,-0.11405780166387558,3.3234751224517822
22,1,"LeakyReLULayer( 0.050000 )",pre_activation,9864000,0.00027652830202874403,0.33755750441054977,-2.3797252178192139,4.0483641624450684
22,1,"LeakyReLULayer( 0.050000 )",post_activation,9864000,0.17845030032346526,0.14513649523594435,-0.11898626387119293,4.0483641624450684
22,5,"LeakyReLULayer( 0.050000 )",pre_activation,175360,0.021903685711971904,0.50078790706833631,-2.6311039924621582,2.8064136505126953
22,5,"LeakyReLULayer( 0.050000 )",post_activation,175360,0.27294501615708228,0.19604849255244339,-0.13155519962310791,2.8064136505126953
22,7,"LeakyReLULayer( 0.050000 )",pre_activation,87680,-0.020282094532654997,0.37763586111706743,-2.2820000648498535,3.3391809463500977
22,7,"LeakyReLULayer( 0.050000 )",post_activation,87680,0.21747717130099317,0.1346351067288459,-0.11410000175237656,3.3391809463500977
23,1,"LeakyReLULayer( 0.050000 )",pre_activation,9864000,0.00027849215771593724,0.33758299560814509,-2.3799443244934082,4.0485367774963379
23,1,"LeakyReLULayer( 0.050000 )",post_activation,9864000,0.17846179364936357,0.14514677532683759,-0.11899721622467041,4.0485367774963379
23,5,"LeakyReLULayer( 0.050000 )",pre_activation,175360,0.021830217884216189,0.50107872549047638,-2.6302676200866699,2.8050153255462646
23,5,"LeakyReLULayer( 0.050000 )",post_activation,175360,0.27307632045042418,0.19605766333014682,-0.13151338696479797,2.8050153255462646
23,7,"LeakyReLULayer( 0.050000 )",pre_activation,87680,-0.021161634814823124,0.37785958970807709,-2.2802298069000244,3.331467866897583
23,7,"LeakyReLULayer( 0.050000 )",post_activation,87680,0.21709048887361734,0.13462416374507968,-0.1140114888548851,3.331467866897583
24,1,"LeakyReLULayer( 0.050000 )",pre_activation,9864000,0.00028133678376480564,0.33760080628433414,-2.379927396774292,4.0487251281738281
24,1,"LeakyReLULayer( 0.050000 )",post_activation,9864000,0.17847319216039029,0.145153838960215,-0.11899637430906296,4.0487251281738281
24,5,"LeakyReLULayer( 0.050000 )",pre_activation,175360,0.021553993473183371,0.50121998121652134,-2.6315836906433105,2.8045141696929932
24,5,"LeakyReLULayer( 0.050000 )",post_activation,175360,0.27299507770708165,0.19604560650438638,-0.13157919049263,2.8045141696929932
24,7,"LeakyReLULayer( 0.050000 )",pre_activation,87680,-0.022046421425784501,0.37781685234295431,-2.2807466983795166,3.3330397605895996
24,7,"LeakyReLULayer( 0.050000 )",post_activation,87680,0.21662061492941731,0.13451129410730286,-0.11403733491897583,3.3330397605895996
25,1,"LeakyReLULayer( 0.050000 )",pre_activation,9864000,0.00028280615380942296,0.33760556535315811,-2.3798496723175049,4.0487337112426758
25,1,"LeakyReLULayer( 0.050000 )",post_activation,9864000,0.17848186282070283,0.14515374334298503,-0.11899248510599136,4.0487337112426758
25,5,"LeakyReLULayer( 0.050000 )",pre_activation,175360,0.021753008752539427,0.50093215679340253,-2.6322908401489258,2.7993896007537842
25,5,"LeakyReLULayer( 0.050000 )",post_activation,175360,0.27306343529715393,0.19599500294001879,-0.13161455094814301,2.7993896007537842
25,7,"LeakyReLULayer( 0.050000 )",pre_activation,87680,-0.022607640397442633,0.37773056404221944,-2.2802708148956299,3.327603816986084
25,7,"LeakyReLULayer( 0.050000 )",post_activation,87680,0.21628165936223409,0.1343358135404418,-0.11401354521512985,3.327603816986084
26,1,"LeakyReLULayer( 0.050000 )",pre_activation,9864000,0.00028846939061988113,0.33772809219122674,-2.3804976940155029,4.0493364334106445
26,1,"LeakyReLULayer( 0.050000 )",post_activation,9864000,0.17853590742374775,0.14519998514097901,-0.11902488768100739,4.0493364334106445
26,5,"LeakyReLULayer( 0.050000 )",pre_activation,175360,0.023037277307797463,0.50098873920394982,-2.6317989826202393,2.8058977127075195
26,5,"LeakyReLULayer( 0.050000 )",post_activation,175360,0.27379713951429258,0.19607179273403949,-0.13158994913101196,2.8058977127075195
26,7,"LeakyReLULayer( 0.050000 )",pre_activation,87680,-0.022940952697116414,0.37855045004381493,-2.2804965972900391,3.3371660709381104
26,7,"LeakyReLULayer( 0.050000 )",post_activation,87680,0.21638188268582237,0.13456796289266743,-0.11402483284473419,3.3371660709381104
27,1,"LeakyReLULayer( 0.050000 )",pre_activation,9864000,0.00028904188047835296,0.3377293347938804,-2.3805561065673828,4.0498504638671875
27,1,"LeakyReLULayer( 0.050000 )",post_activation,9864000,0.17853296158279186,0.14520236100370745,-0.11902780830860138,4.0498504638671875
27,5,"LeakyReLULayer( 0.050000 )",pre_activation,175360,0.022386094951951211,0.50182483153469515,-2.6328847408294678,2.802462100982666
27,5,"LeakyReLULayer( 0.050000 )",post_activation,175360,0.27371513022604349,0.19630709625033171,-0.13164423406124115,2.802462100982666
27,7,"LeakyReLULayer( 0.050000 )",pre_activation,87680,-0.023591048798400557,0.37841127919091383,-2.2827041149139404,3.3308143615722656
27,7,"LeakyReLULayer( 0.050000 )",post_activation,87680,0.21595086214937653,0.13432692101068688,-0.11413520574569702,3.3308143615722656
28,1,"LeakyReLULayer( 0.050000 )",pre_activation,9864000,0.00029281629254935355,0.33777589842283101,-2.3804929256439209,4.0506911277770996
28,1,"LeakyReLULayer( 0.050000 )",post_activation,9864000,0.17855628786773603,0.14521998748809747,-0.11902464926242828,4.0506911277770996
28,5,"LeakyReLULayer( 0.050000 )",pre_activation,175360,0.022996519465554324,0.50201531697460977,-2.6323964595794678,2.8005552291870117
28,5,"LeakyReLULayer( 0.050000 )",post_activation,175360,0.27412746267252686,0.19635427404091418,-0.13161982595920563,2.8005552291870117
28,7,"LeakyReLULayer( 0.050000 )",pre_activation,87680,-0.025042983151326328,0.37846545080440497,-2.2878456115722656,3.3303947448730469
28,7,"LeakyReLULayer( 0.050000 )",post_activation,87680,0.215184232810406,0.13429571239698007,-0.11439228057861328,3.3303947448730469
29,1,"LeakyReLULayer( 0.050000 )",pre_activation,9864000,0.00029312720338674442,0.33778199749782434,-2.3805532455444336,4.0499200820922852
29,1,"LeakyReLULayer( 0.050000 )",post_activation,9864000,0.17855898680381194,0.14522216797006393,-0.11902766674757004,4.0499200820922852
29,5,"LeakyReLULayer( 0.050000 )",pre_activation,175360,0.021740695534445829,0.5033407352234659,-2.6342287063598633,2.8039400577545166
29,5,"LeakyReLULayer( 0.050000 )",post_activation,175360,0.27399293407360303,0.1965824270445512,-0.1317114382982254,2.8039400577545166
29,7,"LeakyReLULayer( 0.050000 )",pre_activation,87680,-0.023865277243631751,0.37903144794235177,-2.28475022315979,3.3290431499481201
29,7,"LeakyReLULayer( 0.050000 )",post_activation,87680,0.21587860504292122,0.13459424524681748,-0.11423750966787338,3.3290431499481201
30,1,"LeakyReLULayer( 0.050000 )",pre_activation,9864000,0.00029508914809552429,0.33778999587736241,-2.3808615207672119,4.0506196022033691
30,1,"LeakyReLULayer( 0.050000 )",post_activation,9864000,0.17856662416565236,0.14522455420872657,-0.11904307454824448,4.0506196022033691
30,5,"LeakyReLULayer( 0.050000 )",pre_activation,175360,0.022923936301137048,0.50264087874944396,-2.6345107555389404,2.8025941848754883
30,5,"LeakyReLULayer( 0.050000 )",post_activation,175360,0.27447057158075677,0.19622982488294841,-0.13172553479671478,2.8025941848754883
30,7,"LeakyReLULayer( 0.050000 )",pre_activation,87680,-0.025764566350280602,0.37801689299834385,-2.2834656238555908,3.3240325450897217
30,7,"LeakyReLULayer( 0.050000 )",post_activation,87680,0.21459339735791319,0.13413696178806267,-0.1141732856631279,3.3240325450897217
31,1,"LeakyReLULayer( 0.050000 )",pre_activation,9864000,0.00029646689615211785,0.33782173419492978,-2.3808395862579346,4.050041675567627
31,1,"LeakyReLULayer( 0.050000 )",post_activation,9864000,0.17858064979195923,0.14523655435193009,-0.11904197931289673,4.050041675567627
31,5,"LeakyReLULayer( 0.050000 )",pre_activation,175360,0.022176883068532518,0.50331006841575388,-2.6356050968170166,2.8032007217407227
31,5,"LeakyReLULayer( 0.050000 )",post_activation,175360,0.27430142362198129,0.19654621050852644,-0.13178025186061859,2.8032007217407227
31,7,"LeakyReLULayer( 0.050000 )",pre_activation,87680,-0.025407363376928331,0.37876624243451545,-2.2814054489135742,3.3333749771118164
31,7,"LeakyReLULayer( 0.050000 )",post_activation,87680,0.2149746123667732,0.13431099601549973,-0.11407027393579483,3.3333749771118164
32,1,"LeakyReLULayer( 0.050000 )",pre_activation,9864000,0.0002990275961029464,0.33786447790973506,-2.3806791305541992,4.0502948760986328
32,1,"LeakyReLULayer( 0.050000 )",post_activation,9864000,0.17860440067672909,0.14525132527137255,-0.11903395503759384,4.0502948760986328
32,5,"LeakyReLULayer( 0.050000 )",pre_activation,175360,0.022302974103866748,0.50390702291509593,-2.6373753547668457,2.8017456531524658
32,5,"LeakyReLULayer( 0.050000 )",post_activation,175360,0.27455910921893006,0.19671215470898598,-0.13186876475811005,2.8017456531524658
32,7,"LeakyReLULayer( 0.050000 )",pre_activation,87680,-0.02547583184994729,0.37947379291133665,-2.2807133197784424,3.3356554508209229
32,7,"LeakyReLULayer( 0.050000 )",post_activation,87680,0.21511899633081763,0.13466675387943361,-0.11403566598892212,3.3356554508209229
33,1,"LeakyReLULayer( 0.050000 )",pre_activation,9864000,0.00029819878629270809,0.33786749920010778,-2.3809943199157715,4.0508604049682617
33,1,"LeakyReLULayer( 0.050000 )",post_activation,9864000,0.17860681304126796,0.14525172340388406,-0.11904972046613693,4.0508604049682617
33,5,"LeakyReLULayer( 0.050000 )",pre_activation,175360,0.022893383986354366,0.50359707272318643,-2.6361675262451172,2.8056836128234863
33,5,"LeakyReLULayer( 0.050000 )",post_activation,175360,0.27476895736583901,0.19674995957820821,-0.13180838525295258,2.8056836128234863
33,7,"LeakyReLULayer( 0.050000 )",pre_activation,87680,-0.027085818486729342,0.37937234714912488,-2.2966334819793701,3.3393640518188477
33,7,"LeakyReLULayer( 0.050000 )",post_activation,87680,0.21422016514771725,0.13453028486385291,-0.11483167856931686,3.3393640518188477
34,1,"LeakyReLULayer( 0.050000 )",pre_activation,9864000,0.00029858329638531765,0.33788842309908285,-2.3811724185943604,4.0507850646972656
34,1,"LeakyReLULayer( 0.050000 )",post_activation,9864000,0.17861478556280086,0.1452597654719909,-0.11905862390995026,4.0507850646972656
34,5,"LeakyReLULayer( 0.050000 )",pre_activation,175360,0.022833114637788487,0.50377415775375611,-2.6375820636749268,2.8066983222961426
34,5,"LeakyReLULayer( 0.050000 )",post_activation,175360,0.27483302549721744,0.19677698435792029,-0.13187910616397858,2.8066983222961426
34,7,"LeakyReLULayer( 0.050000 )",pre_activation,87680,-0.027052923900580738,0.37936514352222067,-2.2909960746765137,3.3454182147979736
34,7,"LeakyReLULayer( 0.050000 )",post_activation,87680,0.21418089866954546,0.13454476749101216,-0.11454980820417404,3.3454182147979736
35,1,"LeakyReLULayer( 0.050000 )",pre_activation,9864000,0.00030254260107471972,0.33794632103318167,-2.3814611434936523,4.051753044128418
35,1,"LeakyReLULayer( 0.050000 )",post_activation,9864000,0.1786394500664745,0.14528338443141167,-0.1190730556845665,4.051753044128418
35,5,"LeakyReLULayer( 0.050000 )",pre_activation,175360,0.023177611596654216,0.50344396293391236,-2.6400802135467529,2.8023428916931152
35,5,"LeakyReLULayer( 0.050000 )",post_activation,175360,0.27496390515101571,0.19661061533686827,-0.13200400769710541,2.8023428916931152
35,7,"LeakyReLULayer( 0.050000 )",pre_activation,87680,-0.026752227375449578,0.37869077055489331,-2.2842004299163818,3.3324198722839355
35,7,"LeakyReLULayer( 0.050000 )",post_activation,87680,0.21418842513518024,0.13436301999510328,-0.11421002447605133,3.3324198722839355
36,1,"LeakyReLULayer( 0.050000 )",pre_activation,9864000,0.00030525031756844481,0.33800122587849196,-2.3814225196838379,4.0518312454223633
36,1,"LeakyReLULayer( 0.050000 )",post_activation,9864000,0.17866957778554385,0.14530204876078512,-0.11907112598419189,4.0518312454223633
36,5,"LeakyReLULayer( 0.050000 )",pre_activation,175360,0.022582613400380029,0.50485128739006657,-2.6405670642852783,2.7981269359588623
36,5,"LeakyReLULayer( 0.050000 )",post_activation,175360,0.275135830176157,0.19696579159204164,-0.13202835619449615,2.7981269359588623
36,7,"LeakyReLULayer( 0.050000 )",pre_activation,87680,-0.026929882777472151,0.38001552471268285,-2.2862625122070312,3.34256911277771
36,7,"LeakyReLULayer( 0.050000 )",post_activation,87680,0.2143696619303059,0.1349140956069538,-0.11431312561035156,3.34256911277771
37,1,"LeakyReLULayer( 0.050000 )",pre_activation,9864000,0.00030620291843513068,0.33798332586452662,-2.3819370269775391,4.0523958206176758
37,1,"LeakyReLULayer( 0.050000 )",post_activation,9864000,0.1786658533073886,0.1452945331574223,-0.11909685283899307,4.0523958206176758
37,5,"LeakyReLULayer( 0.050000 )",pre_activation,175360,0.022778508752947638,0.505318216675399,-2.6386337280273438,2.8048079013824463
37,5,"LeakyReLULayer( 0.050000 )",post_activation,175360,0.27536749467399435,0.19720606261287946,-0.13193169236183167,2.8048079013824463
37,7,"LeakyReLULayer( 0.050000 )",pre_activation,87680,-0.027428708428959721,0.38067311268786669,-2.2848021984100342,3.3341639041900635
37,7,"LeakyReLULayer( 0.050000 )",post_activation,87680,0.21453122582298573,0.13495195661990048,-0.11424010992050171,3.3341639041900635
38,1,"LeakyReLULayer( 0.050000 )",pre_activation,9864000,0.0003088530093370737,0.33800839312437098,-2.3815991878509521,4.0518145561218262
38,1,"LeakyReLULayer( 0.050000 )",post_activation,9864000,0.1786806902100917,0.14530336279421854,-0.11907996237277985,4.0518145561218262
38,5,"LeakyReLULayer( 0.050000 )",pre_activation,175360,0.023966324032475162,0.50472976731461505,-2.6409440040588379,2.8008260726928711
38,5,"LeakyReLULayer( 0.050000 )",post_activation,175360,0.27591568621115165,0.19699552539270074,-0.13204720616340637,2.8008260726928711
38,7,"LeakyReLULayer( 0.050000 )",pre_activation,87680,-0.028000028517042658,0.38036150733001306,-2.2885844707489014,3.3390758037567139
38,7,"LeakyReLULayer( 0.050000 )",post_activation,87680,0.21415216010729915,0.13482803337487337,-0.11442922800779343,3.3390758037567139
39,1,"LeakyReLULayer( 0.050000 )",pre_activation,9864000,0.0003099550960987456,0.33801845005364534,-2.3816955089569092,4.0519571304321289
39,1,"LeakyReLULayer( 0.050000 )",post_activation,9864000,0.17869182545289991,0.14530525585946863,-0.11908477544784546,4.0519571304321289
39,5,"LeakyReLULayer( 0.050000 )",pre_activation,175360,0.023629614409124259,0.50509566084024449,-2.6412022113800049,2.8035564422607422
39,5,"LeakyReLULayer( 0.050000 )",post_activation,175360,0.27587450034194977,0.19707034591601022,-0.13206011056900024,2.8035564422607422
39,7,"LeakyReLULayer( 0.050000 )",pre_activation,87680,-0.02746951604712191,0.380506244686801,-2.2914702892303467,3.3461587429046631
39,7,"LeakyReLULayer( 0.050000 )",post_activation,87680,0.21442658211819773,0.13503223464033776,-0.11457351595163345,3.3461587429046631
40,1,"LeakyReLULayer( 0.050000 )",pre_activation,9864000,0.0003113042708918917,0.33804558107898436,-2.3819637298583984,4.0519113540649414
40,1,"LeakyReLULayer( 0.050000 )",post_activation,9864000,0.1787056635763192,0.14531517893053983,-0.11909818649291992,4.0519113540649414
40,5,"LeakyReLULayer( 0.050000 )",pre_activation,175360,0.023704719335936066,0.50556753794343956,-2.6432757377624512,2.8050076961517334
40,5,"LeakyReLULayer( 0.050000 )",post_activation,175360,0.27603732871331615,0.19731981935141032,-0.13216379284858704,2.8050076961517334
40,7,"LeakyReLULayer( 0.050000 )",pre_activation,87680,-0.029053368028876585,0.38071855328704973,-2.2884283065795898,3.3452620506286621
40,7,"LeakyReLULayer( 0.050000 )",post_activation,87680,0.21371775380870828,0.13506574211919195,-0.11442141979932785,3.3452620506286621
41,1,"LeakyReLULayer( 0.050000 )",pre_activation,9864000,0.00030805177841119574,0.3379907910480307,-2.3814435005187988,4.0523815155029297
41,1,"LeakyReLULayer( 0.050000 )",post_activation,9864000,0.17868296978713955,0.14529339089095875,-0.11907217651605606,4.0523815155029297
41,5,"LeakyReLULayer( 0.050000 )",pre_activation,175360,0.023058846417205191,0.50547435262752038,-2.6423830986022949,2.8095724582672119
41,5,"LeakyReLULayer( 0.050000 )",post_activation,175360,0.27570685500988323,0.19740366616523647,-0.13211916387081146,2.8095724582672119
41,7,"LeakyReLULayer( 0.050000 )",pre_activation,87680,-0.028743765945728392,0.38081361921297369,-2.2915177345275879,3.3434221744537354
41,7,"LeakyReLULayer( 0.050000 )",post_activation,87680,0.21404317564228439,0.13502280287756163,-0.11457588523626328,3.3434221744537354
42,1,"LeakyReLULayer( 0.050000 )",pre_activation,9864000,0.00030750239993739052,0.33802884387250776,-2.3819432258605957,4.0530338287353516
42,1,"LeakyReLULayer( 0.050000 )",post_activation,9864000,0.17869320634188604,0.14530924909796875,-0.11909716576337814,4.0530338287353516
42,5,"LeakyReLULayer( 0.050000 )",pre_activation,175360,0.023404182712870585,0.50569216982173271,-2.6424596309661865,2.8065896034240723
42,5,"LeakyReLULayer( 0.050000 )",post_activation,175360,0.27600391406751235,0.19750322998209005,-0.13212297856807709,2.8065896034240723
42,7,"LeakyReLULayer( 0.050000 )",pre_activation,87680,-0.028508915064620201,0.38106743879663829,-2.291083812713623,3.3621001243591309
42,7,"LeakyReLULayer( 0.050000 )",post_activation,87680,0.21418265701159039,0.13515504111229407,-0.11455418914556503,3.3621001243591309
43,1,"LeakyReLULayer( 0.050000 )",pre_activation,9864000,0.00030802023832831389,0.33798748650539662,-2.3822388648986816,4.0531086921691895
43,1,"LeakyReLULayer( 0.050000 )",post_activation,9864000,0.17868114998194454,0.14529223922852266,-0.11911194771528244,4.0531086921691895
43,5,"LeakyReLULayer( 0.050000 )",pre_activation,175360,0.022567373358411087,0.50570940820334376,-2.644582986831665,2.8064935207366943
43,5,"LeakyReLULayer( 0.050000 )",post_activation,175360,0.27560858641172281,0.19727690969612588,-0.13222914934158325,2.8064935207366943
43,7,"LeakyReLULayer( 0.050000 )",pre_activation,87680,-0.028556567669880698,0.38044347843970183,-2.2930824756622314,3.3217597007751465
43,7,"LeakyReLULayer( 0.050000 )",post_activation,87680,0.21409114083699199,0.13500399386870929,-0.11465412378311157,3.3217597007751465
44,1,"LeakyReLULayer( 0.050000 )",pre_activation,9864000,0.00031031428381874114,0.33800233622180004,-2.3820977210998535,4.0512542724609375
44,1,"LeakyReLULayer( 0.050000 )",post_activation,9864000,0.17869410914696085,0.14529620011284197,-0.11910488456487656,4.0512542724609375
44,5,"LeakyReLULayer( 0.050000 )",pre_activation,175360,0.022238806379934899,0.50641499618092745,-2.6436800956726074,2.8178231716156006
44,5,"LeakyReLULayer( 0.050000 )",post_activation,175360,0.27560409555651527,0.19758273890633221,-0.13218401372432709,2.8178231716156006
44,7,"LeakyReLULayer( 0.050000 )",pre_activation,87680,-0.030286144106930705,0.38001686992824052,-2.2870528697967529,3.3261780738830566
44,7,"LeakyReLULayer( 0.050000 )",post_activation,87680,0.21306250562115722,0.1346042363023775,-0.11435264348983765,3.3261780738830566
45,1,"LeakyReLULayer( 0.050000 )",pre_activation,9864000,0.00030958736827760183,0.33797112015151681,-2.3815791606903076,4.0515308380126953
45,1,"LeakyReLULayer( 0.050000 )",post_activation,9864000,0.17869124275914872,0.14528042461664215,-0.11907895654439926,4.0515308380126953
45,5,"LeakyReLULayer( 0.050000 )",pre_activation,175360,0.021945161714265884,0.50750378197539303,-2.6468799114227295,2.8018105030059814
45,5,"LeakyReLULayer( 0.050000 )",post_activation,175360,0.27583174888503703,0.19772924049155108,-0.13234399259090424,2.8018105030059814
45,7,"LeakyReLULayer( 0.050000 )",pre_activation,87680,-0.02926206526728049,0.38203562187578749,-2.2770397663116455,3.3538899421691895
45,7,"LeakyReLULayer( 0.050000 )",post_activation,87680,0.21415353626333147,0.1355956547475993,-0.11385198682546616,3.3538899421691895
46,1,"LeakyReLULayer( 0.050000 )",pre_activation,9864000,0.00031178370612294337,0.33801876053020918,-2.3818426132202148,4.0522518157958984
46,1,"LeakyReLULayer( 0.050000 )",post_activation,9864000,0.17870590086651744,0.14530221356620601,-0.11909212917089462,4.0522518157958984
46,5,"LeakyReLULayer( 0.050000 )",pre_activation,175360,0.021365145195217053,0.50776419247750382,-2.6467728614807129,2.811906099319458
46,5,"LeakyReLULayer( 0.050000 )",post_activation,175360,0.27556607183083348,0.19796070570937999,-0.13233864307403564,2.811906099319458
46,7,"LeakyReLULayer( 0.050000 )",pre_activation,87680,-0.030033075324223255,0.38163266625651138,-2.2938833236694336,3.3535904884338379
46,7,"LeakyReLULayer( 0.050000 )",post_activation,87680,0.21374706174068825,0.1354025973167661,-0.11469417065382004,3.3535904884338379
47,1,"LeakyReLULayer( 0.050000 )",pre_activation,9864000,0.00031049243914320579,0.33804520656294307,-2.3820409774780273,4.0527939796447754
47,1,"LeakyReLULayer( 0.050000 )",post_activation,9864000,0.17871223176829759,0.14531295246673373,-0.11910205334424973,4.0527939796447754
47,5,"LeakyReLULayer( 0.050000 )",pre_activation,175360,0.02212081448551494,0.50808741289001402,-2.6474385261535645,2.8092241287231445
47,5,"LeakyReLULayer( 0.050000 )",post_activation,175360,0.27609302493232674,0.19814024052713788,-0.1323719322681427,2.8092241287231445
47,7,"LeakyReLULayer( 0.050000 )",pre_activation,87680,-0.029923758556950827,0.38239239540702347,-2.2926287651062012,3.3608608245849609
47,7,"LeakyReLULayer( 0.050000 )",post_activation,87680,0.21386678296679917,0.1357043949944548,-0.11463143676519394,3.3608608245849609
48,1,"LeakyReLULayer( 0.050000 )",pre_activation,9864000,0.00031083302438908271,0.3380456002986385,-2.3821535110473633,4.0526719093322754
48,1,"LeakyReLULayer( 0.050000 )",post_activation,9864000,0.17871415719640554,0.14531290780830855,-0.1191076785326004,4.0526719093322754
48,5,"LeakyReLULayer( 0.050000 )",pre_activation,175360,0.022367460645017032,0.50792481606456841,-2.6501648426055908,2.8071713447570801
48,5,"LeakyReLULayer( 0.050000 )",post_activation,175360,0.27617957129258092,0.19813858403153972,-0.13250824809074402,2.8071713447570801
48,7,"LeakyReLULayer( 0.050000 )",pre_activation,87680,-0.02939903011141554,0.38266339183917558,-2.2951259613037109,3.3613307476043701
48,7,"LeakyReLULayer( 0.050000 )",post_activation,87680,0.21427652976678896,0.13588635132815355,-0.11475630104541779,3.3613307476043701
49,1,"LeakyReLULayer( 0.050000 )",pre_activation,9864000,0.00031322532059333778,0.33807113404708999,-2.3821561336517334,4.0526313781738281
49,1,"LeakyReLULayer( 0.050000 )",post_activation,9864000,0.1787312896858054,0.14532083469160958,-0.11910780519247055,4.0526313781738281
49,5,"LeakyReLULayer( 0.050000 )",pre_activation,175360,0.022552666786292773,0.50826159612426736,-2.6502699851989746,2.8105804920196533
49,5,"LeakyReLULayer( 0.050000 )",post_activation,175360,0.27647669788296669,0.19826146011072215,-0.13251350820064545,2.8105804920196533
49,7,"LeakyReLULayer( 0.050000 )",pre_activation,87680,-0.029913138430002283,0.38253391014553523,-2.2957363128662109,3.3492109775543213
49,7,"LeakyReLULayer( 0.050000 )",post_activation,87680,0.21402903685622993,0.13573763807270131,-0.11478681862354279,3.3492109775543213
50,1,"LeakyReLULayer( 0.050000 )",pre_activation,9864000,0.00031126023000840436,0.33803178039358683,-2.3819105625152588,4.0517802238464355
50,1,"LeakyReLULayer( 0.050000 )",post_activation,9864000,0.17872239436416565,0.14530243352968827,-0.11909552663564682,4.0517802238464355
50,5,"LeakyReLULayer( 0.050000 )",pre_activation,175360,0.021945707706395312,0.50837427823232606,-2.6500022411346436,2.8103492259979248
50,5,"LeakyReLULayer( 0.050000 )",post_activation,175360,0.27626760003605383,0.19817776437802292,-0.13250011205673218,2.8103492259979248
50,7,"LeakyReLULayer( 0.050000 )",pre_activation,87680,-0.029717719278480541,0.38271665016141238,-2.2867910861968994,3.3615074157714844
50,7,"LeakyReLULayer( 0.050000 )",post_activation,87680,0.21426729436435957,0.13569813627551919,-0.11433955281972885,3.3615074157714844
51,1,"LeakyReLULayer( 0.050000 )",pre_activation,9864000,0.00031082962096223079,0.33809382511960057,-2.3824515342712402,4.0533366203308105
51,1,"LeakyReLULayer( 0.050000 )",post_activation,9864000,0.17873408844218802,0.14533130680823025,-0.11912257969379425,4.0533366203308105
51,5,"LeakyReLULayer( 0.050000 )",pre_activation,175360,0.021929857429655805,0.50895541636339292,-2.6518592834472656,2.811478853225708
51,5,"LeakyReLULayer( 0.050000 )",post_activation,175360,0.27640155674627925,0.19841089486072644,-0.13259296119213104,2.811478853225708
51,7,"LeakyReLULayer( 0.050000 )",pre_activation,87680,-0.03006961621092465,0.38303611801451382,-2.2954638004302979,3.3584535121917725
51,7,"LeakyReLULayer( 0.050000 )",post_activation,87680,0.21424717590364226,0.13566586572308301,-0.11477319151163101,3.3584535121917725
52,1,"LeakyReLULayer( 0.050000 )",pre_activation,9864000,0.00031238260153469314,0.33811345363202788,-2.3824853897094727,4.0535211563110352
52,1,"LeakyReLULayer( 0.050000 )",post_activation,9864000,0.17874834995159877,0.14533698582636681,-0.11912427097558975,4.0535211563110352
52,5,"LeakyReLULayer( 0.050000 )",pre_activation,175360,0.022196092180018466,0.50940230934445752,-2.6526889801025391,2.7999873161315918
52,5,"LeakyReLULayer( 0.050000 )",post_activation,175360,0.27669936132738382,0.19846824136077623,-0.13263444602489471,2.7999873161315918
52,7,"LeakyReLULayer( 0.050000 )",pre_activation,87680,-0.030240898638121041,0.38335599751935623,-2.2885918617248535,3.3706846237182617
52,7,"LeakyReLULayer( 0.050000 )",post_activation,87680,0.21416199014735424,0.13574482312527458,-0.11442959308624268,3.3706846237182617
53,1,"LeakyReLULayer( 0.050000 )",pre_activation,9864000,0.00031078763045817994,0.33810882968646355,-2.3828814029693604,4.0537281036376953
53,1,"LeakyReLULayer( 0.050000 )",post_activation,9864000,0.1787490545889977,0.14533309617169665,-0.11914407461881638,4.0537281036376953
53,5,"LeakyReLULayer( 0.050000 )",pre_activation,175360,0.023123767351069836,0.50885434957974263,-2.6532909870147705,2.8068194389343262
53,5,"LeakyReLULayer( 0.050000 )",post_activation,175360,0.27709643007188639,0.19836788661069366,-0.13266454637050629,2.8068194389343262
53,7,"LeakyReLULayer( 0.050000 )",pre_activation,87680,-0.030761592680370008,0.38301038981117036,-2.292330265045166,3.3455512523651123
53,7,"LeakyReLULayer( 0.050000 )",post_activation,87680,0.21387883957827281,0.1356279741157389,-0.1146165132522583,3.3455512523651123
54,1,"LeakyReLULayer( 0.050000 )",pre_activation,9864000,0.00030877552783453347,0.3380433802758655,-2.3826284408569336,4.0535669326782227
54,1,"LeakyReLULayer( 0.050000 )",post_activation,9864000,0.17872757787366708,0.14530600457616669,-0.1191314235329628,4.0535669326782227
54,5,"LeakyReLULayer( 0.050000 )",pre_activation,175360,0.021939839118064138,0.5091167677195767,-2.6520965099334717,2.7984855175018311
54,5,"LeakyReLULayer( 0.050000 )",post_activation,175360,0.27678993473284813,0.19834804506848358,-0.13260482251644135,2.7984855175018311
54,7,"LeakyReLULayer( 0.050000 )",pre_activation,87680,-0.03059157389759519,0.38287071827628977,-2.2992403507232666,3.3736100196838379
54,7,"LeakyReLULayer( 0.050000 )",post_activation,87680,0.21388042732987808,0.13578823823903877,-0.11496201902627945,3.3736100196838379
55,1,"LeakyReLULayer( 0.050000 )",pre_activation,9864000,0.00030936547456328676,0.33802079505791033,-2.3822224140167236,4.0534248352050781
55,1,"LeakyReLULayer( 0.050000 )",post_activation,9864000,0.17872469885200953,0.14529462765514331,-0.11911112070083618,4.0534248352050781
55,5,"LeakyReLULayer( 0.050000 )",pre_activation,175360,0.022020025850670838,0.50958723637414016,-2.6540710926055908,2.7970149517059326
55,5,"LeakyReLULayer( 0.050000 )",post_activation,175360,0.27701109035173516,0.1983955410264866,-0.13270355761051178,2.7970149517059326
55,7,"LeakyReLULayer( 0.050000 )",pre_activation,87680,-0.030767160694275458,0.38295742928682419,-2.2944893836975098,3.3745276927947998
55,7,"LeakyReLULayer( 0.050000 )",post_activation,87680,0.21388217571315568,0.13569647818161837,-0.11472447216510773,3.3745276927947998
56,1,"LeakyReLULayer( 0.050000 )",pre_activation,9864000,0.00030864320463181013,0.33803072092060771,-2.3821542263031006,4.0526342391967773
56,1,"LeakyReLULayer( 0.050000 )",post_activation,9864000,0.17872565247309327,0.14529958826894743,-0.11910771578550339,4.0526342391967773
56,5,"LeakyReLULayer( 0.050000 )",pre_activation,175360,0.021310407673733663,0.51043441230920072,-2.654390811920166,2.7979550361633301
56,5,"LeakyReLULayer( 0.050000 )",post_activation,175360,0.27687094712077692,0.19857358665666316,-0.13271954655647278,2.7979550361633301
56,7,"LeakyReLULayer( 0.050000 )",pre_activation,87680,-0.03043275129764441,0.38359816522408524,-2.3013525009155273,3.365994930267334
56,7,"LeakyReLULayer( 0.050000 )",post_activation,87680,0.21431087064040746,0.1359393834061253,-0.11506762355566025,3.365994930267334
57,1,"LeakyReLULayer( 0.050000 )",pre_activation,9864000,0.00031097075040883326,0.33806609922784764,-2.382465124130249,4.0531482696533203
57,1,"LeakyReLULayer( 0.050000 )",post_activation,9864000,0.17874919821081181,0.14531036439503242,-0.11912325769662857,4.0531482696533203
57,5,"LeakyReLULayer( 0.050000 )",pre_activation,175360,0.022244940609953551,0.51019686654880458,-2.6549451351165771,2.7900464534759521
57,5,"LeakyReLULayer( 0.050000 )",post_activation,175360,0.27738410213720022,0.19835056880493729,-0.13274726271629333,2.7900464534759521
57,7,"LeakyReLULayer( 0.050000 )",pre_activation,87680,-0.030847339760554982,0.38361805419787232,-2.3036289215087891,3.360062837600708
57,7,"LeakyReLULayer( 0.050000 )",post_activation,87680,0.21404874549091116,0.13596182005950269,-0.11518144607543945,3.360062837600708
58,1,"LeakyReLULayer( 0.050000 )",pre_activation,9864000,0.00030944352435838149,0.33803989437056797,-2.3821887969970703,4.0534658432006836
58,1,"LeakyReLULayer( 0.050000 )",post_activation,9864000,0.17874402093797834,0.14529752816289354,-0.11910944432020187,4.0534658432006836
58,5,"LeakyReLULayer( 0.050000 )",pre_activation,175360,0.022241133106901467,0.51058365104059555,-2.6553034782409668,2.7925364971160889
58,5,"LeakyReLULayer( 0.050000 )",post_activation,175360,0.27753748362373876,0.19850251858587881,-0.13276517391204834,2.7925364971160889
58,7,"LeakyReLULayer( 0.050000 )",pre_activation,87680,-0.031378916300588929,0.38385494867790443,-2.2982664108276367,3.3751673698425293
58,7,"LeakyReLULayer( 0.050000 )",post_activation,87680,0.21388176638111239,0.13580084306617388,-0.11491332203149796,3.3751673698425293
59,1,"LeakyReLULayer( 0.050000 )",pre_activation,9864000,0.00030788416832442403,0.33800520288564051,-2.3824894428253174,4.0534701347351074
59,1,"LeakyReLULayer( 0.050000 )",post_activation,9864000,0.17872878043812807,0.14528394536953315,-0.11912447214126587,4.0534701347351074
59,5,"LeakyReLULayer( 0.050000 )",pre_activation,175360,0.021976373456661587,0.51106786333481757,-2.6595361232757568,2.787710428237915
59,5,"LeakyReLULayer( 0.050000 )",post_activation,175360,0.27754289322205256,0.19859039340284809,-0.13297681510448456,2.787710428237915
59,7,"LeakyReLULayer( 0.050000 )",pre_activation,87680,-0.031365349892191599,0.38429659755002826,-2.2968113422393799,3.3648731708526611
59,7,"LeakyReLULayer( 0.050000 )",post_activation,87680,0.21401015067455681,0.13584345638865405,-0.11484056711196899,3.3648731708526611
60,1,"LeakyReLULayer( 0.050000 )",pre_activation,9864000,0.00030648307157614478,0.33797735221760139,-2.3822557926177979,4.0533652305603027
60,1,"LeakyReLULayer( 0.050000 )",post_activation,9864000,0.17872488292021718,0.14527007747990298,-0.11911278963088989,4.0533652305603027
60,5,"LeakyReLULayer( 0.050000 )",pre_activation,175360,0.022262597877240553,0.51065102245367566,-2.658900260925293,2.7928187847137451
60,5,"LeakyReLULayer( 0.050000 )",post_activation,175360,0.27754982618578017,0.19838236045868424,-0.13294501602649689,2.7928187847137451
60,7,"LeakyReLULayer( 0.050000 )",pre_activation,87680,-0.032002804175810869,0.38331560824816707,-2.3141286373138428,3.3831439018249512
60,7,"LeakyReLULayer( 0.050000 )",post_activation,87680,0.21346177707660635,0.13557272862472033,-0.1157064363360405,3.3831439018249512
61,1,"LeakyReLULayer( 0.050000 )",pre_activation,9864000,0.00030726116025242203,0.33798823203558964,-2.3822829723358154,4.053004264831543
61,1,"LeakyReLULayer( 0.050000 )",post_activation,9864000,0.17873365814214509,0.14527252352882219,-0.11911415308713913,4.053004264831543
61,5,"LeakyReLULayer( 0.050000 )",pre_activation,175360,0.022125684846615964,0.51107894144323163,-2.6625373363494873,2.7808797359466553
61,5,"LeakyReLULayer( 0.050000 )",post_activation,175360,0.27777700564084512,0.19835266280409555,-0.1331268697977066,2.7808797359466553
61,7,"LeakyReLULayer( 0.050000 )",pre_activation,87680,-0.031566206342259283,0.38344233705790515,-2.3054161071777344,3.3813707828521729
61,7,"LeakyReLULayer( 0.050000 )",post_activation,87680,0.21361790929152949,0.13552741193443296,-0.11527080833911896,3.3813707828521729
62,1,"LeakyReLULayer( 0.050000 )",pre_activation,9864000,0.00030733359695947173,0.33799428932261755,-2.3820691108703613,4.0530200004577637
62,1,"LeakyReLULayer( 0.050000 )",post_activation,9864000,0.17873545705525537,0.14527497213413557,-0.11910345405340195,4.0530200004577637
62,5,"LeakyReLULayer( 0.050000 )",pre_activation,175360,0.022270127390315642,0.51138605779826407,-2.6631622314453125,2.7829906940460205
62,5,"LeakyReLULayer( 0.050000 )",post_activation,175360,0.27798362975704061,0.1983824249388452,-0.1331581175327301,2.7829906940460205
62,7,"LeakyReLULayer( 0.050000 )",pre_activation,87680,-0.03240414204440633,0.38410622251535625,-2.3094685077667236,3.3976614475250244
62,7,"LeakyReLULayer( 0.050000 )",post_activation,87680,0.2134904810302598,0.13564646972699987,-0.1154734268784523,3.3976614475250244
63,1,"LeakyReLULayer( 0.050000 )",pre_activation,9864000,0.00030801489857033057,0.33799765940283261,-2.3822073936462402,4.0530438423156738
63,1,"LeakyReLULayer( 0.050000 )",post_activation,9864000,0.17873707439279837,0.14527640362235952,-0.11911036819219589,4.0530438423156738
63,5,"LeakyReLULayer( 0.050000 )",pre_activation,175360,0.021485732613467316,0.51177140348513972,-2.6597054004669189,2.7933235168457031
63,5,"LeakyReLULayer( 0.050000 )",post_activation,175360,0.27771076135604317,0.19848271779606153,-0.13298527896404266,2.7933235168457031
63,7,"LeakyReLULayer( 0.050000 )",pre_activation,87680,-0.032154978688784162,0.38394025096978435,-2.306706428527832,3.3786563873291016
63,7,"LeakyReLULayer( 0.050000 )",post_activation,87680,0.21356037356195787,0.13557250797024462,-0.11533532291650772,3.3786563873291016
64,1,"LeakyReLULayer( 0.050000 )",pre_activation,9864000,0.00030347074527359015,0.33792260991137063,-2.3823084831237793,4.0531067848205566
64,1,"LeakyReLULayer( 0.050000 )",post_activation,9864000,0.17871137940384621,0.14524435558276047,-0.1191154271364212,4.0531067848205566
64,5,"LeakyReLULayer( 0.050000 )",pre_activation,175360,0.021912820222028829,0.51098082200499906,-2.6630845069885254,2.7834126949310303
64,5,"LeakyReLULayer( 0.050000 )",post_activation,175360,0.27776734124332803,0.19814485820956965,-0.13315422832965851,2.7834126949310303
64,7,"LeakyReLULayer( 0.050000 )",pre_activation,87680,-0.032856104307826588,0.38298836428467875,-2.3111002445220947,3.3855743408203125
64,7,"LeakyReLULayer( 0.050000 )",post_activation,87680,0.21300610977111761,0.13520444826704459,-0.11555501073598862,3.3855743408203125
65,1,"LeakyReLULayer( 0.050000 )",pre_activation,9864000,0.00030619114234766727,0.33798348210162443,-2.3825902938842773,4.0532169342041016
65,1,"LeakyReLULayer( 0.050000 )",post_activation,9864000,0.17873729304387309,0.14526803479878955,-0.11912951618432999,4.0532169342041016
65,5,"LeakyReLULayer( 0.050000 )",pre_activation,175360,0.022346291522854618,0.51175231149571432,-2.6640045642852783,2.7961752414703369
65,5,"LeakyReLULayer( 0.050000 )",post_activation,175360,0.27823299513719157,0.19828157679455238,-0.13320022821426392,2.7961752414703369
65,7,"LeakyReLULayer( 0.050000 )",pre_activation,87680,-0.03268041562644896,0.38389568146299463,-2.3028924465179443,3.3922345638275146
65,7,"LeakyReLULayer( 0.050000 )",post_activation,87680,0.21330820816832527,0.1356112899078569,-0.11514462530612946,3.3922345638275146
66,1,"LeakyReLULayer( 0.050000 )",pre_activation,9864000,0.00030475784213429118,0.3379311727896267,-2.3818371295928955,4.0523748397827148
66,1,"LeakyReLULayer( 0.050000 )",post_activation,9864000,0.17871877574306089,0.14524697575980389,-0.11909186094999313,4.0523748397827148
66,5,"LeakyReLULayer( 0.050000 )",pre_activation,175360,0.021612504478181509,0.51155301017079524,-2.6664903163909912,2.7820971012115479
66,5,"LeakyReLULayer( 0.050000 )",post_activation,175360,0.277835337423611,0.19817569447334077,-0.1333245187997818,2.7820971012115479
66,7,"LeakyReLULayer( 0.050000 )",pre_activation,87680,-0.031811514156221916,0.38320434384865021,-2.310955286026001,3.3953096866607666
66,7,"LeakyReLULayer( 0.050000 )",post_activation,87680,0.21365152980739555,0.13544221627313405,-0.11554776877164841,3.3953096866607666
67,1,"LeakyReLULayer( 0.050000 )",pre_activation,9864000,0.00030176528329383594,0.33789890581828791,-2.3817055225372314,4.0533366203308105
67,1,"LeakyReLULayer( 0.050000 )",post_activation,9864000,0.17871640453506102,0.14522790574714611,-0.11908527463674545,4.0533366203308105
67,5,"LeakyReLULayer( 0.050000 )",pre_activation,175360,0.022570564434222999,0.51174365678281497,-2.6676394939422607,2.7848570346832275
67,5,"LeakyReLULayer( 0.050000 )",post_activation,175360,0.27845515527860726,0.19814441704896318,-0.13338197767734528,2.7848570346832275
67,7,"LeakyReLULayer( 0.050000 )",pre_activation,87680,-0.033108903482429987,0.38396740272060886,-2.3207430839538574,3.4070255756378174
67,7,"LeakyReLULayer( 0.050000 )",post_activation,87680,0.21309564004036269,0.13554315632750311,-0.11603715270757675,3.4070255756378174
68,1,"LeakyReLULayer( 0.050000 )",pre_activation,9864000,0.00030067039494631193,0.33788456631869657,-2.381965160369873,4.0523138046264648
68,1,"LeakyReLULayer( 0.050000 )",post_activation,9864000,0.17871579212705715,0.14521977058562244,-0.11909826099872589,4.0523138046264648
68,5,"LeakyReLULayer( 0.050000 )",pre_activation,175360,0.022605845549024329,0.51123536639183298,-2.6683189868927002,2.7855608463287354
68,5,"LeakyReLULayer( 0.050000 )",post_activation,175360,0.27832128218997171,0.19795303309990603,-0.13341595232486725,2.7855608463287354
68,7,"LeakyReLULayer( 0.050000 )",pre_activation,87680,-0.033295419677466541,0.38300030811197938,-2.3269577026367188,3.3878123760223389
68,7,"LeakyReLULayer( 0.050000 )",post_activation,87680,0.21280155704468467,0.135201468184074,-0.11634788662195206,3.3878123760223389
69,1,"LeakyReLULayer( 0.050000 )",pre_activation,9864000,0.00030314756100887556,0.3378710711982606,-2.3819408416748047,4.0521678924560547
69,1,"LeakyReLULayer( 0.050000 )",post_activation,9864000,0.17870543716480114,0.14521766326808103,-0.11909704655408859,4.0521678924560547
69,5,"LeakyReLULayer( 0.050000 )",pre_activation,175360,0.021323638756258086,0.51228691975546636,-2.6684737205505371,2.7869668006896973
69,5,"LeakyReLULayer( 0.050000 )",post_activation,175360,0.27803779539912321,0.19786270058759128,-0.13342368602752686,2.7869668006896973
69,7,"LeakyReLULayer( 0.050000 )",pre_activation,87680,-0.031940217458653546,0.38330407015095513,-2.3048326969146729,3.3962035179138184
69,7,"LeakyReLULayer( 0.050000 )",post_activation,87680,0.21365796025625125,0.13533985218916997,-0.115241639316082,3.3962035179138184
70,1,"LeakyReLULayer( 0.050000 )",pre_activation,9864000,0.000303956814293789,0.33785278493801718,-2.3818705081939697,4.0525259971618652
70,1,"LeakyReLULayer( 0.050000 )",post_activation,9864000,0.1787027863453968,0.14520962134520932,-0.11909352988004684,4.0525259971618652
70,5,"LeakyReLULayer( 0.050000 )",pre_activation,175360,0.021952194295451311,0.51193519240356722,-2.6722102165222168,2.7825717926025391
70,5,"LeakyReLULayer( 0.050000 )",post_activation,175360,0.27828493820623618,0.19769769276652543,-0.13361051678657532,2.7825717926025391
70,7,"LeakyReLULayer( 0.050000 )",pre_activation,87680,-0.033145781242973814,0.38276434402104204,-2.3153882026672363,3.3951718807220459
70,7,"LeakyReLULayer( 0.050000 )",post_activation,87680,0.21285488351409737,0.13505963905738355,-0.1157694086432457,3.3951718807220459
71,1,"LeakyReLULayer( 0.050000 )",pre_activation,9864000,0.000298369893589561,0.33781031652313626,-2.3822367191314697,4.0518860816955566
71,1,"LeakyReLULayer( 0.050000 )",post_activation,9864000,0.17869262889156692,0.14518721810513874,-0.11911183595657349,4.0518860816955566
71,5,"LeakyReLULayer( 0.050000 )",pre_activation,175360,0.022160904605366374,0.51199272536052198,-2.6704428195953369,2.7737891674041748
71,5,"LeakyReLULayer( 0.050000 )",post_activation,175360,0.2785439547005002,0.19761288262926738,-0.13352213799953461,2.7737891674041748
71,7,"LeakyReLULayer( 0.050000 )",pre_activation,87680,-0.033711627155837934,0.3820456992782309,-2.3067703247070312,3.4270026683807373
71,7,"LeakyReLULayer( 0.050000 )",post_activation,87680,0.2122637912912006,0.1347516953908241,-0.1153385192155838,3.4270026683807373
72,1,"LeakyReLULayer( 0.050000 )",pre_activation,9864000,0.00029528122040291358,0.33776722701615303,-2.3819732666015625,4.052304744720459
72,1,"LeakyReLULayer( 0.050000 )",post_activation,9864000,0.1786771239550661,0.14516789342711076,-0.11909866333007812,4.052304744720459
72,5,"LeakyReLULayer( 0.050000 )",pre_activation,175360,0.022862865805369392,0.51123130971390751,-2.6733567714691162,2.7758433818817139
72,5,"LeakyReLULayer( 0.050000 )",post_activation,175360,0.27885428647458643,0.19705503143424458,-0.13366784155368805,2.7758433818817139
72,7,"LeakyReLULayer( 0.050000 )",pre_activation,87680,-0.033840763566171266,0.38236281171585645,-2.3000335693359375,3.4169437885284424
72,7,"LeakyReLULayer( 0.050000 )",post_activation,87680,0.21252111006551552,0.13484053895611545,-0.11500167846679688,3.4169437885284424
73,1,"LeakyReLULayer( 0.050000 )",pre_activation,9864000,0.00029738835353731313,0.33772907202568986,-2.3819525241851807,4.0521335601806641
73,1,"LeakyReLULayer( 0.050000 )",post_activation,9864000,0.17866271577778184,0.14515476862574034,-0.11909762769937515,4.0521335601806641
73,5,"LeakyReLULayer( 0.050000 )",pre_activation,175360,0.021955867757368613,0.51121657493009798,-2.6765420436859131,2.7758510112762451
73,5,"LeakyReLULayer( 0.050000 )",post_activation,175360,0.27837349809706446,0.19684947325622509,-0.13382710516452789,2.7758510112762451
73,7,"LeakyReLULayer( 0.050000 )",pre_activation,87680,-0.034080979126757935,0.38091449235174218,-2.3009879589080811,3.4044499397277832
73,7,"LeakyReLULayer( 0.050000 )",post_activation,87680,0.21186970979962266,0.13430551064953095,-0.11504939943552017,3.4044499397277832
74,1,"LeakyReLULayer( 0.050000 )",pre_activation,9864000,0.00030040972940217144,0.33778878116347166,-2.3819239139556885,4.0523815155029297
74,1,"LeakyReLULayer( 0.050000 )",post_activation,9864000,0.17869283394341806,0.14517640654944625,-0.11909619718790054,4.0523815155029297
74,5,"LeakyReLULayer( 0.050000 )",pre_activation,175360,0.021101257511149194,0.51278618238948448,-2.6761963367462158,2.7780458927154541
74,5,"LeakyReLULayer( 0.050000 )",post_activation,175360,0.27836820684680785,0.19732499764023514,-0.13380981981754303,2.7780458927154541
74,7,"LeakyReLULayer( 0.050000 )",pre_activation,87680,-0.03318734145242562,0.382521938389353,-2.3085939884185791,3.4078404903411865
74,7,"LeakyReLULayer( 0.050000 )",post_activation,87680,0.21271452611511102,0.13483936148907227,-0.11542969942092896,3.4078404903411865
75,1,"LeakyReLULayer( 0.050000 )",pre_activation,9864000,0.00029740466184728149,0.33776571551981105,-2.382321834564209,4.0525379180908203
75,1,"LeakyReLULayer( 0.050000 )",post_activation,9864000,0.17867772068344603,0.14516827706095609,-0.11911609023809433,4.0525379180908203
75,5,"LeakyReLULayer( 0.050000 )",pre_activation,175360,0.021305640817830446,0.51235595484449004,-2.6783759593963623,2.7879805564880371
75,5,"LeakyReLULayer( 0.050000 )",post_activation,175360,0.27841946914511456,0.19710221419146753,-0.13391880691051483,2.7879805564880371
75,7,"LeakyReLULayer( 0.050000 )",pre_activation,87680,-0.034355380125673261,0.38114892085540614,-2.3100066184997559,3.397709846496582
75,7,"LeakyReLULayer( 0.050000 )",post_activation,87680,0.21189750106611357,0.13422568092445938,-0.11550033092498779,3.397709846496582
76,1,"LeakyReLULayer( 0.050000 )",pre_activation,9864000,0.00029857745153191197,0.33776127512668308,-2.3821284770965576,4.0527267456054688
76,1,"LeakyReLULayer( 0.050000 )",post_activation,9864000,0.1786786487430605,0.14516476270313364,-0.11910642683506012,4.0527267456054688
76,5,"LeakyReLULayer( 0.050000 )",pre_activation,175360,0.021349691840483697,0.51314676639225332,-2.6774544715881348,2.7866890430450439
76,5,"LeakyReLULayer( 0.050000 )",post_activation,175360,0.27869041726734023,0.19724070998738283,-0.13387273252010345,2.7866890430450439
76,7,"LeakyReLULayer( 0.050000 )",pre_activation,87680,-0.034082280592599962,0.38190649613331973,-2.3131444454193115,3.416142463684082
76,7,"LeakyReLULayer( 0.050000 )",post_activation,87680,0.2122550550654608,0.13432981681677802,-0.11565722525119781,3.416142463684082
77,1,"LeakyReLULayer( 0.050000 )",pre_activation,9864000,0.00029843611956979088,0.33772968136646386,-2.3819561004638672,4.052274227142334
77,1,"LeakyReLULayer( 0.050000 )",post_activation,9864000,0.17867878093154735,0.14514820895892866,-0.11909780651330948,4.052274227142334
77,5,"LeakyReLULayer( 0.050000 )",pre_activation,175360,0.021131101446532248,0.51316980807106993,-2.6791267395019531,2.7807199954986572
77,5,"LeakyReLULayer( 0.050000 )",post_activation,175360,0.27853266447496655,0.19712781677614469,-0.13395634293556213,2.7807199954986572
77,7,"LeakyReLULayer( 0.050000 )",pre_activation,87680,-0.034612855145646007,0.3817002824721209,-2.310779333114624,3.4121451377868652
77,7,"LeakyReLULayer( 0.050000 )",post_activation,87680,0.21186833127630816,0.13425734964965449,-0.11553896963596344,3.4121451377868652
78,1,"LeakyReLULayer( 0.050000 )",pre_activation,9864000,0.00029610119822074944,0.33768496917448648,-2.3817002773284912,4.0517182350158691
78,1,"LeakyReLULayer( 0.050000 )",post_activation,9864000,0.17866294924027618,0.145129344146364,-0.11908501386642456,4.0517182350158691
78,5,"LeakyReLULayer( 0.050000 )",pre_activation,175360,0.020915078335641768,0.51229386924062636,-2.6792664527893066,2.7805795669555664
78,5,"LeakyReLULayer( 0.050000 )",post_activation,175360,0.278274117050061,0.19685443420224091,-0.13396333158016205,2.7805795669555664
78,7,"LeakyReLULayer( 0.050000 )",pre_activation,87680,-0.034029925287835043,0.38022609219222747,-2.3082573413848877,3.4046053886413574
78,7,"LeakyReLULayer( 0.050000 )",post_activation,87680,0.21175686804739538,0.13380661151246273,-0.1154128685593605,3.4046053886413574
79,1,"LeakyReLULayer( 0.050000 )",pre_activation,9864000,0.00029946208998076618,0.33772257883349566,-2.3818762302398682,4.0523204803466797
79,1,"LeakyReLULayer( 0.050000 )",post_activation,9864000,0.17868227383511509,0.14514320721170573,-0.11909381300210953,4.0523204803466797
79,5,"LeakyReLULayer( 0.050000 )",pre_activation,175360,0.021375114686610269,0.51300938320335809,-2.6792595386505127,2.7810027599334717
79,5,"LeakyReLULayer( 0.050000 )",post_activation,175360,0.27880014650629842,0.19689051463692903,-0.1339629739522934,2.7810027599334717
79,7,"LeakyReLULayer( 0.050000 )",pre_activation,87680,-0.0349478882062767,0.38151650840820728,-2.3084235191345215,3.4125716686248779
79,7,"LeakyReLULayer( 0.050000 )",post_activation,87680,0.21157590400307941,0.13414461815065246,-0.11542117595672607,3.4125716686248779
80,1,"LeakyReLULayer( 0.050000 )",pre_activation,9864000,0.00029813655724728353,0.33771957833508742,-2.3816232681274414,4.052032470703125
80,1,"LeakyReLULayer( 0.050000 )",post_activation,9864000,0.17868754471921566,0.14513836959398826,-0.11908116191625595,4.052032470703125
80,5,"LeakyReLULayer( 0.050000 )",pre_activation,175360,0.021026866072224783,0.5133626459528976,-2.67987060546875,2.7770290374755859
80,5,"LeakyReLULayer( 0.050000 )",post_activation,175360,0.27878035112852728,0.1967142599993188,-0.13399353623390198,2.7770290374755859
80,7,"LeakyReLULayer( 0.050000 )",pre_activation,87680,-0.034438552667838983,0.38045018787189505,-2.3082425594329834,3.4017791748046875
80,7,"LeakyReLULayer( 0.050000 )",post_activation,87680,0.21160023993709098,0.1338298768492614,-0.11541213095188141,3.4017791748046875
81,1,"LeakyReLULayer( 0.050000 )",pre_activation,9864000,0.00030116238761195154,0.33776131702808831,-2.3817968368530273,4.0520687103271484
81,1,"LeakyReLULayer( 0.050000 )",post_activation,9864000,0.17871110566401577,0.1451529135433795,-0.11908984184265137,4.0520687103271484
81,5,"LeakyReLULayer( 0.050000 )",pre_activation,175360,0.021635556382970884,0.51291144472502925,-2.6804740428924561,2.7773892879486084
81,5,"LeakyReLULayer( 0.050000 )",post_activation,175360,0.27900240637685925,0.19639697310482737,-0.13402371108531952,2.7773892879486084
81,7,"LeakyReLULayer( 0.050000 )",pre_activation,87680,-0.034546846154888837,0.380679155036383,-2.3168075084686279,3.4109084606170654
81,7,"LeakyReLULayer( 0.050000 )",post_activation,87680,0.21166103512708409,0.13390315230694372,-0.1158403754234314,3.4109084606170654
82,1,"LeakyReLULayer( 0.050000 )",pre_activation,9864000,0.00030270850671890512,0.33778203292204312,-2.3819713592529297,4.0523309707641602
82,1,"LeakyReLULayer( 0.050000 )",post_activation,9864000,0.17872804826657646,0.14515751358064549,-0.11909856647253036,4.0523309707641602
82,5,"LeakyReLULayer( 0.050000 )",pre_activation,175360,0.021109677773620703,0.51380705614591948,-2.6841475963592529,2.7828285694122314
82,5,"LeakyReLULayer( 0.050000 )",post_activation,175360,0.27896780553851291,0.19646145084890157,-0.13420738279819489,2.7828285694122314
82,7,"LeakyReLULayer( 0.050000 )",pre_activation,87680,-0.034242480696925884,0.38054884015683393,-2.2990963459014893,3.4071087837219238
82,7,"LeakyReLULayer( 0.050000 )",post_activation,87680,0.21185823367694073,0.13382988518815814,-0.11495482176542282,3.4071087837219238
83,1,"LeakyReLULayer( 0.050000 )",pre_activation,9864000,0.00030353663105015156,0.33775747996894767,-2.3820960521697998,4.0518155097961426
83,1,"LeakyReLULayer( 0.050000 )",post_activation,9864000,0.17872024779517659,0.14514755625402073,-0.11910480260848999,4.0518155097961426
83,5,"LeakyReLULayer( 0.050000 )",pre_activation,175360,0.022076583694712118,0.512650709946743,-2.6813688278198242,2.7812736034393311
83,5,"LeakyReLULayer( 0.050000 )",post_activation,175360,0.27911516421972388,0.19636760589901681,-0.13406844437122345,2.7812736034393311
83,7,"LeakyReLULayer( 0.050000 )",pre_activation,87680,-0.035859161318818424,0.37972786198163599,-2.3154504299163818,3.3998761177062988
83,7,"LeakyReLULayer( 0.050000 )",post_activation,87680,0.21081829768995361,0.13324457263660863,-0.11577252298593521,3.3998761177062988
84,1,"LeakyReLULayer( 0.050000 )",pre_activation,9864000,0.0003045099768704546,0.33784565246652842,-2.3820922374725342,4.0526361465454102
84,1,"LeakyReLULayer( 0.050000 )",post_activation,9864000,0.17876043407507275,0.1451788227239065,-0.11910461634397507,4.0526361465454102
84,5,"LeakyReLULayer( 0.050000 )",pre_activation,175360,0.022045053077671961,0.51349077583008162,-2.6840195655822754,2.7798564434051514
84,5,"LeakyReLULayer( 0.050000 )",post_activation,175360,0.27942121496414912,0.19649433633498764,-0.13420097529888153,2.7798564434051514
84,7,"LeakyReLULayer( 0.050000 )",pre_activation,87680,-0.034585084287499054,0.38117974833184498,-2.3117547035217285,3.4200992584228516
84,7,"LeakyReLULayer( 0.050000 )",post_activation,87680,0.21173728979120546,0.1340336019039842,-0.11558773368597031,3.4200992584228516
85,1,"LeakyReLULayer( 0.050000 )",pre_activation,9864000,0.00030357176138808543,0.33773668215705943,-2.3820216655731201,4.0513525009155273
85,1,"LeakyReLULayer( 0.050000 )",post_activation,9864000,0.17871816739180341,0.14513738944993998,-0.11910108476877213,4.0513525009155273
85,5,"LeakyReLULayer( 0.050000 )",pre_activation,175360,0.020341874195044372,0.51394468670430082,-2.6847977638244629,2.7752442359924316
85,5,"LeakyReLULayer( 0.050000 )",post_activation,175360,0.27872978608774329,0.19637177125979477,-0.13423989713191986,2.7752442359924316
85,7,"LeakyReLULayer( 0.050000 )",pre_activation,87680,-0.034866857155063692,0.37951957377689527,-2.3200681209564209,3.4064288139343262
85,7,"LeakyReLULayer( 0.050000 )",post_activation,87680,0.21127743277848626,0.13328884897432969,-0.11600340902805328,3.4064288139343262
86,1,"LeakyReLULayer( 0.050000 )",pre_activation,9864000,0.00030374378006399277,0.33775809075577568,-2.3817849159240723,4.0518059730529785
86,1,"LeakyReLULayer( 0.050000 )",post_activation,9864000,0.17872875340774105,0.14514341601856401,-0.11908924579620361,4.0518059730529785
86,5,"LeakyReLULayer( 0.050000 )",pre_activation,175360,0.020973392375591992,0.51413364137328499,-2.6871294975280762,2.7771120071411133
86,5,"LeakyReLULayer( 0.050000 )",post_activation,175360,0.27917631034280471,0.19624523486388767,-0.13435648381710052,2.7771120071411133
86,7,"LeakyReLULayer( 0.050000 )",pre_activation,87680,-0.034860807136110859,0.37981301873325324,-2.307387113571167,3.4118824005126953
86,7,"LeakyReLULayer( 0.050000 )",post_activation,87680,0.21130783015566684,0.13336818800877995,-0.11536935716867447,3.4118824005126953
87,1,"LeakyReLULayer( 0.050000 )",pre_activation,9864000,0.00030425207034321755,0.33777193776375969,-2.3819315433502197,4.0523166656494141
87,1,"LeakyReLULayer( 0.050000 )",post_activation,9864000,0.17874083448102165,0.14514648208565559,-0.11909657716751099,4.0523166656494141
87,5,"LeakyReLULayer( 0.050000 )",pre_activation,175360,0.020951394076645355,0.51441823270445497,-2.687065601348877,2.7810678482055664
87,5,"LeakyReLULayer( 0.050000 )",post_activation,175360,0.27912045318163864,0.19631849290418943,-0.13435328006744385,2.7810678482055664
87,7,"LeakyReLULayer( 0.050000 )",pre_activation,87680,-0.035089644908159419,0.38038926285818803,-2.3196868896484375,3.409541130065918
87,7,"LeakyReLULayer( 0.050000 )",post_activation,87680,0.21143945759003441,0.13353403252750634,-0.11598434299230576,3.409541130065918
88,1,"LeakyReLULayer( 0.050000 )",pre_activation,9864000,0.00030422609925109394,0.33771781760443315,-2.381659984588623,4.0516791343688965
88,1,"LeakyReLULayer( 0.050000 )",post_activation,9864000,0.17873183287470568,0.14512087041097851,-0.11908300220966339,4.0516791343688965
88,5,"LeakyReLULayer( 0.050000 )",pre_activation,175360,0.021267298222316447,0.51375740887651822,-2.6858773231506348,2.779771089553833
88,5,"LeakyReLULayer( 0.050000 )",post_activation,175360,0.2791736218286765,0.19589059971295164,-0.13429386913776398,2.779771089553833
88,7,"LeakyReLULayer( 0.050000 )",pre_activation,87680,-0.035148731178077784,0.3794586821234785,-2.3147628307342529,3.4303276538848877
88,7,"LeakyReLULayer( 0.050000 )",post_activation,87680,0.21101972778997932,0.13325649526486952,-0.115738146007061,3.4303276538848877
89,1,"LeakyReLULayer( 0.050000 )",pre_activation,9864000,0.00030244866763179341,0.33769282461819822,-2.3814835548400879,4.0511951446533203
89,1,"LeakyReLULayer( 0.050000 )",post_activation,9864000,0.17871999564882921,0.1451116818755093,-0.11907418072223663,4.0511951446533203
89,5,"LeakyReLULayer( 0.050000 )",pre_activation,175360,0.020616750269403093,0.51428947625808374,-2.6891167163848877,2.7870688438415527
89,5,"LeakyReLULayer( 0.050000 )",post_activation,175360,0.27902243867344256,0.19597941744838557,-0.1344558447599411,2.7870688438415527
89,7,"LeakyReLULayer( 0.050000 )",pre_activation,87680,-0.034662798464135107,0.3800011963324566,-2.3279225826263428,3.4085047245025635
89,7,"LeakyReLULayer( 0.050000 )",post_activation,87680,0.21145669446704549,0.13340559656063541,-0.11639612913131714,3.4085047245025635
90,1,"LeakyReLULayer( 0.050000 )",pre_activation,9864000,0.00030383106012509247,0.33774198711156622,-2.3817243576049805,4.0521984100341797
90,1,"LeakyReLULayer( 0.050000 )",post_activation,9864000,0.17874151893738804,0.145129678405441,-0.11908622086048126,4.0521984100341797
90,5,"LeakyReLULayer( 0.050000 )",pre_activation,175360,0.019884476703413864,0.51569064023761024,-2.6874794960021973,2.7857692241668701
90,5,"LeakyReLULayer( 0.050000 )",post_activation,175360,0.27902598445292748,0.19638559915761047,-0.1343739777803421,2.7857692241668701
90,7,"LeakyReLULayer( 0.050000 )",pre_activation,87680,-0.034861296375978727,0.38120911404894481,-2.3223342895507812,3.4092929363250732
90,7,"LeakyReLULayer( 0.050000 )",post_activation,87680,0.21182268921729852,0.13365049246745667,-0.1161167174577713,3.4092929363250732
91,1,"LeakyReLULayer( 0.050000 )",pre_activation,9864000,0.00029742041802071007,0.33764859164698913,-2.381854772567749,4.0521316528320312
91,1,"LeakyReLULayer( 0.050000 )",post_activation,9864000,0.17869702312163868,0.14509317854318785,-0.11909274011850357,4.0521316528320312
91,5,"LeakyReLULayer( 0.050000 )",pre_activation,175360,0.020454765143784054,0.51423754324361337,-2.6839845180511475,2.7906441688537598
91,5,"LeakyReLULayer( 0.050000 )",post_activation,175360,0.27901562195396945,0.19585709629923626,-0.13419923186302185,2.7906441688537598
91,7,"LeakyReLULayer( 0.050000 )",pre_activation,87680,-0.035699797085967523,0.37948482332389455,-2.3147342205047607,3.4217617511749268
91,7,"LeakyReLULayer( 0.050000 )",post_activation,87680,0.21097474596639038,0.13284166351073443,-0.1157367154955864,3.4217617511749268
92,1,"LeakyReLULayer( 0.050000 )",pre_activation,9864000,0.00029807212531553483,0.33760360838828157,-2.3814294338226318,4.0513119697570801
92,1,"LeakyReLULayer( 0.050000 )",post_activation,9864000,0.17868576660196919,0.14507371622830934,-0.11907147616147995,4.0513119697570801
92,5,"LeakyReLULayer( 0.050000 )",pre_activation,175360,0.019723233429893326,0.51496789954034916,-2.6877024173736572,2.786177396774292
92,5,"LeakyReLULayer( 0.050000 )",post_activation,175360,0.27890493478527922,0.19568909571008059,-0.1343851238489151,2.786177396774292
92,7,"LeakyReLULayer( 0.050000 )",pre_activation,87680,-0.035148496636587458,0.37934925916729706,-2.3120322227478027,3.4086983203887939
92,7,"LeakyReLULayer( 0.050000 )",post_activation,87680,0.21102170801695141,0.13286509594553234,-0.11560161411762238,3.4086983203887939
93,1,"LeakyReLULayer( 0.050000 )",pre_activation,9864000,0.00029888294599646138,0.33766497678753937,-2.3817000389099121,4.0516586303710938
93,1,"LeakyReLULayer( 0.050000 )",post_activation,9864000,0.17871525765263943,0.14509527689662763,-0.11908500641584396,4.0516586303710938
93,5,"LeakyReLULayer( 0.050000 )",pre_activation,175360,0.019890538337580001,0.51577287550592854,-2.6890506744384766,2.7728400230407715
93,5,"LeakyReLULayer( 0.050000 )",post_activation,175360,0.27923367710622582,0.19581857734715505,-0.13445253670215607,2.7728400230407715
93,7,"LeakyReLULayer( 0.050000 )",pre_activation,87680,-0.035204634324833228,0.38002653535449821,-2.3248286247253418,3.4194455146789551
93,7,"LeakyReLULayer( 0.050000 )",post_activation,87680,0.21125724288623204,0.13319917888797383,-0.11624143272638321,3.4194455146789551
94,1,"LeakyReLULayer( 0.050000 )",pre_activation,9864000,0.00029929625409838432,0.33764899504420531,-2.3816611766815186,4.0518369674682617
94,1,"LeakyReLULayer( 0.050000 )",post_activation,9864000,0.17871868362802129,0.14508440356492797,-0.11908306181430817,4.0518369674682617
94,5,"LeakyReLULayer( 0.050000 )",pre_activation,175360,0.020597104880479396,0.51501583573203524,-2.6904735565185547,2.7826311588287354
94,5,"LeakyReLULayer( 0.050000 )",post_activation,175360,0.2794258396441599,0.19564674881170616,-0.1345236748456955,2.7826311588287354
94,7,"LeakyReLULayer( 0.050000 )",pre_activation,87680,-0.035890267179939511,0.37917430341369607,-2.3190803527832031,3.4073390960693359
94,7,"LeakyReLULayer( 0.050000 )",post_activation,87680,0.21080739125608192,0.13275247851029431,-0.11595401912927628,3.4073390960693359
95,1,"LeakyReLULayer( 0.050000 )",pre_activation,9864000,0.00029746854992253568,0.33759224202250204,-2.3818519115447998,4.0516738891601562
95,1,"LeakyReLULayer( 0.050000 )",post_activation,9864000,0.17869769203774749,0.14506116266443497,-0.11909259855747223,4.0516738891601562
95,5,"LeakyReLULayer( 0.050000 )",pre_activation,175360,0.020798725456324184,0.51541094812995802,-2.6884238719940186,2.7911882400512695
95,5,"LeakyReLULayer( 0.050000 )",post_activation,175360,0.27961488527410838,0.19564374646245253,-0.13442119956016541,2.7911882400512695
95,7,"LeakyReLULayer( 0.050000 )",pre_activation,87680,-0.036245685967141783,0.37999939742793543,-2.3249309062957764,3.420788049697876
95,7,"LeakyReLULayer( 0.050000 )",post_activation,87680,0.2108779972317105,0.13291514030365592,-0.1162465438246727,3.420788049697876
96,1,"LeakyReLULayer( 0.050000 )",pre_activation,9864000,0.00029941121035596076,0.33759136679786211,-2.3812069892883301,4.0510983467102051
96,1,"LeakyReLULayer( 0.050000 )",post_activation,9864000,0.17871322678357213,0.14505541293020904,-0.11906035244464874,4.0510983467102051
96,5,"LeakyReLULayer( 0.050000 )",pre_activation,175360,0.020298317878262816,0.51514963773728528,-2.6911096572875977,2.7796072959899902
96,5,"LeakyReLULayer( 0.050000 )",post_activation,175360,0.27931334001170527,0.19541672118229553,-0.13455548882484436,2.7796072959899902
96,7,"LeakyReLULayer( 0.050000 )",pre_activation,87680,-0.034716414427663621,0.37986543397807576,-2.3222332000732422,3.4275736808776855
96,7,"LeakyReLULayer( 0.050000 )",post_activation,87680,0.21147625382893398,0.13322611165335799,-0.11611165851354599,3.4275736808776855
97,1,"LeakyReLULayer( 0.050000 )",pre_activation,9864000,0.00029770314029687808,0.33758649436183169,-2.3812603950500488,4.0511269569396973
97,1,"LeakyReLULayer( 0.050000 )",post_activation,9864000,0.17871474176345548,0.14505113062778346,-0.11906301975250244,4.0511269569396973
97,5,"LeakyReLULayer( 0.050000 )",pre_activation,175360,0.020139911171693222,0.51601134263003612,-2.6925430297851562,2.7885744571685791
97,5,"LeakyReLULayer( 0.050000 )",post_activation,175360,0.27939469693603253,0.19577790579464918,-0.13462714850902557,2.7885744571685791
97,7,"LeakyReLULayer( 0.050000 )",pre_activation,87680,-0.036668611325129413,0.37970480213883839,-2.3309414386749268,3.4304866790771484
97,7,"LeakyReLULayer( 0.050000 )",post_activation,87680,0.21068356951316156,0.13288609095536624,-0.11654707044363022,3.4304866790771484
98,1,"LeakyReLULayer( 0.050000 )",pre_activation,9864000,0.00029182654477374599,0.33751158915077667,-2.3814289569854736,4.0508136749267578
98,1,"LeakyReLULayer( 0.050000 )",post_activation,9864000,0.1786736056076853,0.14502373973549848,-0.11907144635915756,4.0508136749267578
98,5,"LeakyReLULayer( 0.050000 )",pre_activation,175360,0.019831735346413228,0.51561338828058634,-2.6914873123168945,2.7911655902862549
98,5,"LeakyReLULayer( 0.050000 )",post_activation,175360,0.27936073763471347,0.19509006738990869,-0.13457436859607697,2.7911655902862549
98,7,"LeakyReLULayer( 0.050000 )",pre_activation,87680,-0.037259834106118044,0.37840725449398738,-2.3271801471710205,3.41058349609375
98,7,"LeakyReLULayer( 0.050000 )",post_activation,87680,0.20993234249160778,0.13228132765937164,-0.11635901033878326,3.41058349609375
99,1,"LeakyReLULayer( 0.050000 )",pre_activation,9864000,0.00029400951238023608,0.33754471460102253,-2.3812415599822998,4.0510878562927246
99,1,"LeakyReLULayer( 0.050000 )",post_activation,9864000,0.17869465846896973,0.1450342226126409,-0.11906208097934723,4.0510878562927246
99,5,"LeakyReLULayer( 0.050000 )",pre_activation,175360,0.019591288839319407,0.51637013105432439,-2.6936895847320557,2.7958898544311523
99,5,"LeakyReLULayer( 0.050000 )",post_activation,175360,0.27941744592152995,0.19535992405338334,-0.1346844881772995,2.7958898544311523
99,7,"LeakyReLULayer( 0.050000 )",pre_activation,87680,-0.036389163505393209,0.37975909317917117,-2.3352994918823242,3.417055606842041
99,7,"LeakyReLULayer( 0.050000 )",post_activation,87680,0.21072232648763614,0.13275029439827404,-0.11676497757434845,3.417055606842041
100,1,"LeakyReLULayer( 0.050000 )",pre_activation,9864000,0.00029500818398206714,0.33749386405710241,-2.3811535835266113,4.0511560440063477
100,1,"LeakyReLULayer( 0.050000 )",post_activation,9864000,0.17867830206921487,0.1450137354018641,-0.11905767768621445,4.0511560440063477
100,5,"LeakyReLULayer( 0.050000 )",pre_activation,175360,0.019138114925972314,0.51681975009751824,-2.6913466453552246,2.7988476753234863
100,5,"LeakyReLULayer( 0.050000 )",post_activation,175360,0.27921182565064551,0.19549281521442061,-0.13456733524799347,2.7988476753234863
100,7,"LeakyReLULayer( 0.050000 )",pre_activation,87680,-0.036830119683208963,0.37918935940092185,-2.3233742713928223,3.4252316951751709
100,7,"LeakyReLULayer( 0.050000 )",post_activation,87680,0.21059145791226369,0.13229231770438843,-0.11616871505975723,3.4252316951751709
